variant,signup_week,cohort_users
Control,2025-10-27,209
Control,2025-11-03,718
Control,2025-11-10,734
Control,2025-11-17,652
Control,2025-11-24,724
Control,2025-12-01,745
Control,2025-12-08,761
Control,2025-12-15,713
Control,2025-12-22,723
Control,2025-12-29,787
Control,2026-01-05,738
Control,2026-01-12,721
Control,2026-01-19,737
Control,2026-01-26,678
Control,2026-02-02,718
Control,2026-02-09,741
Control,2026-02-16,678
Control,2026-02-23,684
Control,2026-03-02,762
Control,2026-03-09,714
Control,2026-03-16,691
Control,2026-03-23,736
Control,2026-03-30,739
Control,2026-04-06,711
Control,2026-04-13,675
Control,2026-04-20,742
Control,2026-04-27,722
Control,2026-05-04,758
Control,2026-05-11,738
Control,2026-05-18,712
Control,2026-05-25,712
Control,2026-06-01,704
Control,2026-06-08,699
Control,2026-06-15,723
Control,2026-06-22,750
Control,2026-06-29,251
Treatment,2025-10-27,221
Treatment,2025-11-03,757
Treatment,2025-11-10,711
Treatment,2025-11-17,741
Treatment,2025-11-24,732
Treatment,2025-12-01,720
Treatment,2025-12-08,730
Treatment,2025-12-15,698
Treatment,2025-12-22,735
Treatment,2025-12-29,696
Treatment,2026-01-05,702
Treatment,2026-01-12,739
Treatment,2026-01-19,735
Treatment,2026-01-26,694
Treatment,2026-02-02,702
Treatment,2026-02-09,743
Treatment,2026-02-16,709
Treatment,2026-02-23,745
Treatment,2026-03-02,754
Treatment,2026-03-09,720
Treatment,2026-03-16,716
Treatment,2026-03-23,735
Treatment,2026-03-30,714
Treatment,2026-04-06,734
Treatment,2026-04-13,774
Treatment,2026-04-20,734
Treatment,2026-04-27,725
Treatment,2026-05-04,727
Treatment,2026-05-11,700
Treatment,2026-05-18,720
Treatment,2026-05-25,685
Treatment,2026-06-01,700
Treatment,2026-06-08,723
Treatment,2026-06-15,731
Treatment,2026-06-22,690
Treatment,2026-06-29,208
