signup_week,0,1,2,3,4,5,6,7,8,9,10,11,12,13,14,15,16
2025-10-27,1.0,0.07177033492822966,0.11004784688995216,0.05741626794258373,0.0861244019138756,0.0430622009569378,0.09090909090909091,0.10047846889952153,0.09569377990430622,0.07177033492822966,0.06220095693779904,0.06698564593301436,0.05263157894736842,0.04784688995215311,0.05741626794258373,0.07177033492822966,0.05263157894736842
2025-11-03,1.0,0.06685236768802229,0.08217270194986072,0.06963788300835655,0.06545961002785515,0.07799442896935933,0.08217270194986072,0.07242339832869081,0.06685236768802229,0.07520891364902507,0.07799442896935933,0.07381615598885793,0.06824512534818941,0.06545961002785515,0.057103064066852366,0.07381615598885793,0.07799442896935933
2025-11-10,1.0,0.05449591280653951,0.07901907356948229,0.0667574931880109,0.07493188010899182,0.0681198910081744,0.0653950953678474,0.07084468664850137,0.07220708446866485,0.07356948228882834,0.08446866485013624,0.0681198910081744,0.07356948228882834,0.05040871934604905,0.08038147138964577,0.06948228882833787,0.0667574931880109
2025-11-17,1.0,0.0705521472392638,0.0736196319018405,0.08282208588957055,0.06134969325153374,0.07668711656441718,0.08128834355828221,0.09202453987730061,0.08282208588957055,0.06901840490797546,0.0598159509202454,0.06595092024539877,0.08128834355828221,0.08742331288343558,0.05674846625766871,0.0843558282208589,0.07822085889570553
2025-11-24,1.0,0.07458563535911603,0.08425414364640885,0.06906077348066299,0.08149171270718232,0.08425414364640885,0.07044198895027624,0.07320441988950276,0.08425414364640885,0.07734806629834254,0.0718232044198895,0.07596685082872928,0.07596685082872928,0.06767955801104972,0.06077348066298342,0.0856353591160221,0.08701657458563536
2025-12-01,1.0,0.06442953020134229,0.10067114093959731,0.10067114093959731,0.07248322147651007,0.08993288590604027,0.08590604026845637,0.07114093959731543,0.06040268456375839,0.07785234899328859,0.10201342281879194,0.07516778523489932,0.0953020134228188,0.08456375838926175,0.07248322147651007,0.08993288590604027,0.08859060402684564
2025-12-08,1.0,0.08147174770039421,0.07621550591327202,0.07752956636005257,0.07621550591327202,0.08541392904073587,0.08278580814717477,0.09592641261498029,0.08147174770039421,0.09198423127463863,0.0735873850197109,0.10249671484888305,0.06044678055190539,0.0735873850197109,0.08015768725361366,0.09329829172141918,0.07621550591327202
2025-12-15,1.0,0.08415147265077139,0.07152875175315568,0.09817671809256662,0.08415147265077139,0.08835904628330996,0.10238429172510519,0.08134642356241234,0.10238429172510519,0.08835904628330996,0.08695652173913043,0.0967741935483871,0.10098176718092566,0.08134642356241234,0.091164095371669,0.10238429172510519,0.0785413744740533
2025-12-22,1.0,0.07468879668049792,0.10235131396957123,0.0912863070539419,0.10235131396957123,0.07883817427385892,0.06915629322268327,0.08852005532503458,0.09820193637621023,0.08160442600276625,0.08437067773167359,0.08990318118948824,0.09266943291839558,0.08437067773167359,0.10096818810511757,0.09820193637621023,0.08713692946058091
2025-12-29,1.0,0.08640406607369759,0.09783989834815757,0.09021601016518424,0.10038119440914867,0.08640406607369759,0.09275730622617535,0.10038119440914867,0.10165184243964422,0.10165184243964422,0.08132147395171538,0.08640406607369759,0.09275730622617535,0.08005082592121983,0.08513341804320203,0.0940279542566709,0.09275730622617535
2026-01-05,1.0,0.09349593495934959,0.0989159891598916,0.09620596205962059,0.08943089430894309,0.08672086720867209,0.10975609756097561,0.11382113821138211,0.0921409214092141,0.0989159891598916,0.09078590785907859,0.0921409214092141,0.07994579945799458,0.08943089430894309,0.1002710027100271,0.08943089430894309,0.08807588075880758
2026-01-12,1.0,0.08460471567267684,0.09847434119278779,0.07212205270457697,0.0957004160887656,0.09986130374479889,0.10402219140083217,0.0970873786407767,0.09847434119278779,0.09015256588072122,0.0957004160887656,0.09847434119278779,0.10540915395284327,0.10263522884882108,0.10540915395284327,0.10679611650485436,0.10540915395284327
2026-01-19,1.0,0.09633649932157395,0.10854816824966079,0.10040705563093623,0.09905020352781546,0.09905020352781546,0.12075983717774763,0.09905020352781546,0.10990502035278155,0.10719131614654002,0.11668928086838534,0.10583446404341927,0.10583446404341927,0.10583446404341927,0.13297150610583447,0.10040705563093623,0.1112618724559023
2026-01-26,1.0,0.13126843657817108,0.09882005899705015,0.12094395280235988,0.13421828908554573,0.10324483775811209,0.09734513274336283,0.10176991150442478,0.1224188790560472,0.11209439528023599,0.08112094395280237,0.10029498525073746,0.10029498525073746,0.10766961651917405,0.10029498525073746,0.11209439528023599,0.10324483775811209
2026-02-02,1.0,0.11420612813370473,0.11002785515320335,0.11420612813370473,0.1309192200557103,0.0988857938718663,0.10445682451253482,0.116991643454039,0.10445682451253482,0.11420612813370473,0.1309192200557103,0.11420612813370473,0.11838440111420613,0.11420612813370473,0.12534818941504178,0.11420612813370473,0.11281337047353761
2026-02-09,1.0,0.13090418353576247,0.1282051282051282,0.12550607287449392,0.1282051282051282,0.12010796221322537,0.11201079622132254,0.13225371120107962,0.12010796221322537,0.11875843454790823,0.11875843454790823,0.11336032388663968,0.1417004048582996,0.11336032388663968,0.11605937921727395,0.10526315789473684,0.11875843454790823
2026-02-16,1.0,0.11061946902654868,0.12389380530973451,0.13569321533923304,0.1224188790560472,0.13274336283185842,0.12389380530973451,0.14749262536873156,0.13126843657817108,0.14601769911504425,0.13274336283185842,0.12979351032448377,0.11651917404129794,0.11504424778761062,0.10471976401179942,0.11061946902654868,0.12389380530973451
2026-02-23,1.0,0.16374269005847952,0.13157894736842105,0.13742690058479531,0.13157894736842105,0.13304093567251463,0.10964912280701754,0.13450292397660818,0.10964912280701754,0.1286549707602339,0.14473684210526316,0.11988304093567251,0.10526315789473684,0.14327485380116958,0.1286549707602339,0.14327485380116958,0.12426900584795321
2026-03-02,1.0,0.15091863517060367,0.1062992125984252,0.1272965879265092,0.15616797900262466,0.1325459317585302,0.14304461942257218,0.1272965879265092,0.14173228346456693,0.1377952755905512,0.16404199475065617,0.14041994750656167,0.1010498687664042,0.16666666666666666,0.13123359580052493,0.16535433070866143,0.1141732283464567
2026-03-09,1.0,0.13585434173669467,0.14985994397759103,0.12745098039215685,0.10784313725490197,0.1484593837535014,0.11764705882352941,0.14985994397759103,0.15126050420168066,0.13585434173669467,0.1484593837535014,0.13445378151260504,0.13025210084033614,0.12605042016806722,0.13585434173669467,0.14285714285714285,
2026-03-16,1.0,0.13314037626628075,0.14616497829232997,0.13024602026049203,0.1389290882778582,0.13314037626628075,0.12445730824891461,0.13314037626628075,0.1287988422575977,0.13314037626628075,0.13603473227206947,0.11432706222865413,0.14037626628075253,0.13314037626628075,0.12301013024602026,,
2026-03-23,1.0,0.14673913043478262,0.13179347826086957,0.1480978260869565,0.14945652173913043,0.14130434782608695,0.1331521739130435,0.11820652173913043,0.15489130434782608,0.09510869565217392,0.15625,0.15217391304347827,0.16847826086956522,0.14945652173913043,,,
2026-03-30,1.0,0.12719891745602166,0.14614343707713126,0.11096075778078485,0.11772665764546685,0.10960757780784844,0.12313937753721245,0.17997293640054127,0.11907983761840325,0.10554803788903924,0.17050067658998647,0.13667117726657646,0.13937753721244925,,,,
2026-04-06,1.0,0.1350210970464135,0.12236286919831224,0.12236286919831224,0.12658227848101267,0.10548523206751055,0.14627285513361463,0.1490857946554149,0.13642756680731363,0.14627285513361463,0.13783403656821377,0.12658227848101267,,,,,
2026-04-13,1.0,0.13037037037037036,0.11259259259259259,0.14222222222222222,0.1511111111111111,0.11259259259259259,0.1437037037037037,0.13333333333333333,0.12148148148148148,0.1511111111111111,0.14074074074074075,,,,,,
2026-04-20,1.0,0.12668463611859837,0.1522911051212938,0.12398921832884097,0.15498652291105122,0.1280323450134771,0.14555256064690028,0.16846361185983827,0.12668463611859837,0.1347708894878706,,,,,,,
2026-04-27,1.0,0.14542936288088643,0.14681440443213298,0.12742382271468145,0.12049861495844875,0.13850415512465375,0.10664819944598337,0.12326869806094183,0.11772853185595568,,,,,,,,
2026-05-04,1.0,0.1279683377308707,0.1345646437994723,0.13984168865435356,0.1266490765171504,0.15435356200527706,0.12532981530343007,0.12401055408970976,,,,,,,,,
2026-05-11,1.0,0.14498644986449866,0.13143631436314362,0.13008130081300814,0.14634146341463414,0.13279132791327913,0.15176151761517614,,,,,,,,,,
2026-05-18,1.0,0.1348314606741573,0.14747191011235955,0.15870786516853932,0.12219101123595505,0.15168539325842698,,,,,,,,,,,
2026-05-25,1.0,0.14606741573033707,0.1306179775280899,0.13764044943820225,0.15589887640449437,,,,,,,,,,,,
2026-06-01,1.0,0.14488636363636365,0.11647727272727272,0.14204545454545456,,,,,,,,,,,,,
2026-06-08,1.0,0.14163090128755365,0.1530758226037196,,,,,,,,,,,,,,
2026-06-15,1.0,0.16044260027662519,,,,,,,,,,,,,,,
2026-06-22,1.0,,,,,,,,,,,,,,,,
2026-06-29,,,,,,,,,,,,,,,,,
