variant,signup_week,cohort_age_week,cohort_users,retained_users,retention_rate
Control,2025-10-27,0,209,209.0,1.0
Control,2025-10-27,1,209,15.0,0.07177033492822966
Control,2025-10-27,2,209,23.0,0.11004784688995216
Control,2025-10-27,3,209,12.0,0.05741626794258373
Control,2025-10-27,4,209,18.0,0.0861244019138756
Control,2025-10-27,5,209,9.0,0.0430622009569378
Control,2025-10-27,6,209,19.0,0.09090909090909091
Control,2025-10-27,7,209,21.0,0.10047846889952153
Control,2025-10-27,8,209,20.0,0.09569377990430622
Control,2025-10-27,9,209,15.0,0.07177033492822966
Control,2025-10-27,10,209,13.0,0.06220095693779904
Control,2025-10-27,11,209,14.0,0.06698564593301436
Control,2025-10-27,12,209,11.0,0.05263157894736842
Control,2025-10-27,13,209,10.0,0.04784688995215311
Control,2025-10-27,14,209,12.0,0.05741626794258373
Control,2025-10-27,15,209,15.0,0.07177033492822966
Control,2025-10-27,16,209,11.0,0.05263157894736842
Control,2025-11-03,0,718,718.0,1.0
Control,2025-11-03,1,718,48.0,0.06685236768802229
Control,2025-11-03,2,718,59.0,0.08217270194986072
Control,2025-11-03,3,718,50.0,0.06963788300835655
Control,2025-11-03,4,718,47.0,0.06545961002785515
Control,2025-11-03,5,718,56.0,0.07799442896935933
Control,2025-11-03,6,718,59.0,0.08217270194986072
Control,2025-11-03,7,718,52.0,0.07242339832869081
Control,2025-11-03,8,718,48.0,0.06685236768802229
Control,2025-11-03,9,718,54.0,0.07520891364902507
Control,2025-11-03,10,718,56.0,0.07799442896935933
Control,2025-11-03,11,718,53.0,0.07381615598885793
Control,2025-11-03,12,718,49.0,0.06824512534818941
Control,2025-11-03,13,718,47.0,0.06545961002785515
Control,2025-11-03,14,718,41.0,0.057103064066852366
Control,2025-11-03,15,718,53.0,0.07381615598885793
Control,2025-11-03,16,718,56.0,0.07799442896935933
Control,2025-11-10,0,734,734.0,1.0
Control,2025-11-10,1,734,40.0,0.05449591280653951
Control,2025-11-10,2,734,58.0,0.07901907356948229
Control,2025-11-10,3,734,49.0,0.0667574931880109
Control,2025-11-10,4,734,55.0,0.07493188010899182
Control,2025-11-10,5,734,50.0,0.0681198910081744
Control,2025-11-10,6,734,48.0,0.0653950953678474
Control,2025-11-10,7,734,52.0,0.07084468664850137
Control,2025-11-10,8,734,53.0,0.07220708446866485
Control,2025-11-10,9,734,54.0,0.07356948228882834
Control,2025-11-10,10,734,62.0,0.08446866485013624
Control,2025-11-10,11,734,50.0,0.0681198910081744
Control,2025-11-10,12,734,54.0,0.07356948228882834
Control,2025-11-10,13,734,37.0,0.05040871934604905
Control,2025-11-10,14,734,59.0,0.08038147138964577
Control,2025-11-10,15,734,51.0,0.06948228882833787
Control,2025-11-10,16,734,49.0,0.0667574931880109
Control,2025-11-17,0,652,652.0,1.0
Control,2025-11-17,1,652,46.0,0.0705521472392638
Control,2025-11-17,2,652,48.0,0.0736196319018405
Control,2025-11-17,3,652,54.0,0.08282208588957055
Control,2025-11-17,4,652,40.0,0.06134969325153374
Control,2025-11-17,5,652,50.0,0.07668711656441718
Control,2025-11-17,6,652,53.0,0.08128834355828221
Control,2025-11-17,7,652,60.0,0.09202453987730061
Control,2025-11-17,8,652,54.0,0.08282208588957055
Control,2025-11-17,9,652,45.0,0.06901840490797546
Control,2025-11-17,10,652,39.0,0.0598159509202454
Control,2025-11-17,11,652,43.0,0.06595092024539877
Control,2025-11-17,12,652,53.0,0.08128834355828221
Control,2025-11-17,13,652,57.0,0.08742331288343558
Control,2025-11-17,14,652,37.0,0.05674846625766871
Control,2025-11-17,15,652,55.0,0.0843558282208589
Control,2025-11-17,16,652,51.0,0.07822085889570553
Control,2025-11-24,0,724,724.0,1.0
Control,2025-11-24,1,724,54.0,0.07458563535911603
Control,2025-11-24,2,724,61.0,0.08425414364640885
Control,2025-11-24,3,724,50.0,0.06906077348066299
Control,2025-11-24,4,724,59.0,0.08149171270718232
Control,2025-11-24,5,724,61.0,0.08425414364640885
Control,2025-11-24,6,724,51.0,0.07044198895027624
Control,2025-11-24,7,724,53.0,0.07320441988950276
Control,2025-11-24,8,724,61.0,0.08425414364640885
Control,2025-11-24,9,724,56.0,0.07734806629834254
Control,2025-11-24,10,724,52.0,0.0718232044198895
Control,2025-11-24,11,724,55.0,0.07596685082872928
Control,2025-11-24,12,724,55.0,0.07596685082872928
Control,2025-11-24,13,724,49.0,0.06767955801104972
Control,2025-11-24,14,724,44.0,0.06077348066298342
Control,2025-11-24,15,724,62.0,0.0856353591160221
Control,2025-11-24,16,724,63.0,0.08701657458563536
Control,2025-12-01,0,745,745.0,1.0
Control,2025-12-01,1,745,48.0,0.06442953020134229
Control,2025-12-01,2,745,75.0,0.10067114093959731
Control,2025-12-01,3,745,75.0,0.10067114093959731
Control,2025-12-01,4,745,54.0,0.07248322147651007
Control,2025-12-01,5,745,67.0,0.08993288590604027
Control,2025-12-01,6,745,64.0,0.08590604026845637
Control,2025-12-01,7,745,53.0,0.07114093959731543
Control,2025-12-01,8,745,45.0,0.06040268456375839
Control,2025-12-01,9,745,58.0,0.07785234899328859
Control,2025-12-01,10,745,76.0,0.10201342281879194
Control,2025-12-01,11,745,56.0,0.07516778523489932
Control,2025-12-01,12,745,71.0,0.0953020134228188
Control,2025-12-01,13,745,63.0,0.08456375838926175
Control,2025-12-01,14,745,54.0,0.07248322147651007
Control,2025-12-01,15,745,67.0,0.08993288590604027
Control,2025-12-01,16,745,66.0,0.08859060402684564
Control,2025-12-08,0,761,761.0,1.0
Control,2025-12-08,1,761,62.0,0.08147174770039421
Control,2025-12-08,2,761,58.0,0.07621550591327202
Control,2025-12-08,3,761,59.0,0.07752956636005257
Control,2025-12-08,4,761,58.0,0.07621550591327202
Control,2025-12-08,5,761,65.0,0.08541392904073587
Control,2025-12-08,6,761,63.0,0.08278580814717477
Control,2025-12-08,7,761,73.0,0.09592641261498029
Control,2025-12-08,8,761,62.0,0.08147174770039421
Control,2025-12-08,9,761,70.0,0.09198423127463863
Control,2025-12-08,10,761,56.0,0.0735873850197109
Control,2025-12-08,11,761,78.0,0.10249671484888305
Control,2025-12-08,12,761,46.0,0.06044678055190539
Control,2025-12-08,13,761,56.0,0.0735873850197109
Control,2025-12-08,14,761,61.0,0.08015768725361366
Control,2025-12-08,15,761,71.0,0.09329829172141918
Control,2025-12-08,16,761,58.0,0.07621550591327202
Control,2025-12-15,0,713,713.0,1.0
Control,2025-12-15,1,713,60.0,0.08415147265077139
Control,2025-12-15,2,713,51.0,0.07152875175315568
Control,2025-12-15,3,713,70.0,0.09817671809256662
Control,2025-12-15,4,713,60.0,0.08415147265077139
Control,2025-12-15,5,713,63.0,0.08835904628330996
Control,2025-12-15,6,713,73.0,0.10238429172510519
Control,2025-12-15,7,713,58.0,0.08134642356241234
Control,2025-12-15,8,713,73.0,0.10238429172510519
Control,2025-12-15,9,713,63.0,0.08835904628330996
Control,2025-12-15,10,713,62.0,0.08695652173913043
Control,2025-12-15,11,713,69.0,0.0967741935483871
Control,2025-12-15,12,713,72.0,0.10098176718092566
Control,2025-12-15,13,713,58.0,0.08134642356241234
Control,2025-12-15,14,713,65.0,0.091164095371669
Control,2025-12-15,15,713,73.0,0.10238429172510519
Control,2025-12-15,16,713,56.0,0.0785413744740533
Control,2025-12-22,0,723,723.0,1.0
Control,2025-12-22,1,723,54.0,0.07468879668049792
Control,2025-12-22,2,723,74.0,0.10235131396957123
Control,2025-12-22,3,723,66.0,0.0912863070539419
Control,2025-12-22,4,723,74.0,0.10235131396957123
Control,2025-12-22,5,723,57.0,0.07883817427385892
Control,2025-12-22,6,723,50.0,0.06915629322268327
Control,2025-12-22,7,723,64.0,0.08852005532503458
Control,2025-12-22,8,723,71.0,0.09820193637621023
Control,2025-12-22,9,723,59.0,0.08160442600276625
Control,2025-12-22,10,723,61.0,0.08437067773167359
Control,2025-12-22,11,723,65.0,0.08990318118948824
Control,2025-12-22,12,723,67.0,0.09266943291839558
Control,2025-12-22,13,723,61.0,0.08437067773167359
Control,2025-12-22,14,723,73.0,0.10096818810511757
Control,2025-12-22,15,723,71.0,0.09820193637621023
Control,2025-12-22,16,723,63.0,0.08713692946058091
Control,2025-12-29,0,787,787.0,1.0
Control,2025-12-29,1,787,68.0,0.08640406607369759
Control,2025-12-29,2,787,77.0,0.09783989834815757
Control,2025-12-29,3,787,71.0,0.09021601016518424
Control,2025-12-29,4,787,79.0,0.10038119440914867
Control,2025-12-29,5,787,68.0,0.08640406607369759
Control,2025-12-29,6,787,73.0,0.09275730622617535
Control,2025-12-29,7,787,79.0,0.10038119440914867
Control,2025-12-29,8,787,80.0,0.10165184243964422
Control,2025-12-29,9,787,80.0,0.10165184243964422
Control,2025-12-29,10,787,64.0,0.08132147395171538
Control,2025-12-29,11,787,68.0,0.08640406607369759
Control,2025-12-29,12,787,73.0,0.09275730622617535
Control,2025-12-29,13,787,63.0,0.08005082592121983
Control,2025-12-29,14,787,67.0,0.08513341804320203
Control,2025-12-29,15,787,74.0,0.0940279542566709
Control,2025-12-29,16,787,73.0,0.09275730622617535
Control,2026-01-05,0,738,738.0,1.0
Control,2026-01-05,1,738,69.0,0.09349593495934959
Control,2026-01-05,2,738,73.0,0.0989159891598916
Control,2026-01-05,3,738,71.0,0.09620596205962059
Control,2026-01-05,4,738,66.0,0.08943089430894309
Control,2026-01-05,5,738,64.0,0.08672086720867209
Control,2026-01-05,6,738,81.0,0.10975609756097561
Control,2026-01-05,7,738,84.0,0.11382113821138211
Control,2026-01-05,8,738,68.0,0.0921409214092141
Control,2026-01-05,9,738,73.0,0.0989159891598916
Control,2026-01-05,10,738,67.0,0.09078590785907859
Control,2026-01-05,11,738,68.0,0.0921409214092141
Control,2026-01-05,12,738,59.0,0.07994579945799458
Control,2026-01-05,13,738,66.0,0.08943089430894309
Control,2026-01-05,14,738,74.0,0.1002710027100271
Control,2026-01-05,15,738,66.0,0.08943089430894309
Control,2026-01-05,16,738,65.0,0.08807588075880758
Control,2026-01-12,0,721,721.0,1.0
Control,2026-01-12,1,721,61.0,0.08460471567267684
Control,2026-01-12,2,721,71.0,0.09847434119278779
Control,2026-01-12,3,721,52.0,0.07212205270457697
Control,2026-01-12,4,721,69.0,0.0957004160887656
Control,2026-01-12,5,721,72.0,0.09986130374479889
Control,2026-01-12,6,721,75.0,0.10402219140083217
Control,2026-01-12,7,721,70.0,0.0970873786407767
Control,2026-01-12,8,721,71.0,0.09847434119278779
Control,2026-01-12,9,721,65.0,0.09015256588072122
Control,2026-01-12,10,721,69.0,0.0957004160887656
Control,2026-01-12,11,721,71.0,0.09847434119278779
Control,2026-01-12,12,721,76.0,0.10540915395284327
Control,2026-01-12,13,721,74.0,0.10263522884882108
Control,2026-01-12,14,721,76.0,0.10540915395284327
Control,2026-01-12,15,721,77.0,0.10679611650485436
Control,2026-01-12,16,721,76.0,0.10540915395284327
Control,2026-01-19,0,737,737.0,1.0
Control,2026-01-19,1,737,71.0,0.09633649932157395
Control,2026-01-19,2,737,80.0,0.10854816824966079
Control,2026-01-19,3,737,74.0,0.10040705563093623
Control,2026-01-19,4,737,73.0,0.09905020352781546
Control,2026-01-19,5,737,73.0,0.09905020352781546
Control,2026-01-19,6,737,89.0,0.12075983717774763
Control,2026-01-19,7,737,73.0,0.09905020352781546
Control,2026-01-19,8,737,81.0,0.10990502035278155
Control,2026-01-19,9,737,79.0,0.10719131614654002
Control,2026-01-19,10,737,86.0,0.11668928086838534
Control,2026-01-19,11,737,78.0,0.10583446404341927
Control,2026-01-19,12,737,78.0,0.10583446404341927
Control,2026-01-19,13,737,78.0,0.10583446404341927
Control,2026-01-19,14,737,98.0,0.13297150610583447
Control,2026-01-19,15,737,74.0,0.10040705563093623
Control,2026-01-19,16,737,82.0,0.1112618724559023
Control,2026-01-26,0,678,678.0,1.0
Control,2026-01-26,1,678,89.0,0.13126843657817108
Control,2026-01-26,2,678,67.0,0.09882005899705015
Control,2026-01-26,3,678,82.0,0.12094395280235988
Control,2026-01-26,4,678,91.0,0.13421828908554573
Control,2026-01-26,5,678,70.0,0.10324483775811209
Control,2026-01-26,6,678,66.0,0.09734513274336283
Control,2026-01-26,7,678,69.0,0.10176991150442478
Control,2026-01-26,8,678,83.0,0.1224188790560472
Control,2026-01-26,9,678,76.0,0.11209439528023599
Control,2026-01-26,10,678,55.0,0.08112094395280237
Control,2026-01-26,11,678,68.0,0.10029498525073746
Control,2026-01-26,12,678,68.0,0.10029498525073746
Control,2026-01-26,13,678,73.0,0.10766961651917405
Control,2026-01-26,14,678,68.0,0.10029498525073746
Control,2026-01-26,15,678,76.0,0.11209439528023599
Control,2026-01-26,16,678,70.0,0.10324483775811209
Control,2026-02-02,0,718,718.0,1.0
Control,2026-02-02,1,718,82.0,0.11420612813370473
Control,2026-02-02,2,718,79.0,0.11002785515320335
Control,2026-02-02,3,718,82.0,0.11420612813370473
Control,2026-02-02,4,718,94.0,0.1309192200557103
Control,2026-02-02,5,718,71.0,0.0988857938718663
Control,2026-02-02,6,718,75.0,0.10445682451253482
Control,2026-02-02,7,718,84.0,0.116991643454039
Control,2026-02-02,8,718,75.0,0.10445682451253482
Control,2026-02-02,9,718,82.0,0.11420612813370473
Control,2026-02-02,10,718,94.0,0.1309192200557103
Control,2026-02-02,11,718,82.0,0.11420612813370473
Control,2026-02-02,12,718,85.0,0.11838440111420613
Control,2026-02-02,13,718,82.0,0.11420612813370473
Control,2026-02-02,14,718,90.0,0.12534818941504178
Control,2026-02-02,15,718,82.0,0.11420612813370473
Control,2026-02-02,16,718,81.0,0.11281337047353761
Control,2026-02-09,0,741,741.0,1.0
Control,2026-02-09,1,741,97.0,0.13090418353576247
Control,2026-02-09,2,741,95.0,0.1282051282051282
Control,2026-02-09,3,741,93.0,0.12550607287449392
Control,2026-02-09,4,741,95.0,0.1282051282051282
Control,2026-02-09,5,741,89.0,0.12010796221322537
Control,2026-02-09,6,741,83.0,0.11201079622132254
Control,2026-02-09,7,741,98.0,0.13225371120107962
Control,2026-02-09,8,741,89.0,0.12010796221322537
Control,2026-02-09,9,741,88.0,0.11875843454790823
Control,2026-02-09,10,741,88.0,0.11875843454790823
Control,2026-02-09,11,741,84.0,0.11336032388663968
Control,2026-02-09,12,741,105.0,0.1417004048582996
Control,2026-02-09,13,741,84.0,0.11336032388663968
Control,2026-02-09,14,741,86.0,0.11605937921727395
Control,2026-02-09,15,741,78.0,0.10526315789473684
Control,2026-02-09,16,741,88.0,0.11875843454790823
Control,2026-02-16,0,678,678.0,1.0
Control,2026-02-16,1,678,75.0,0.11061946902654868
Control,2026-02-16,2,678,84.0,0.12389380530973451
Control,2026-02-16,3,678,92.0,0.13569321533923304
Control,2026-02-16,4,678,83.0,0.1224188790560472
Control,2026-02-16,5,678,90.0,0.13274336283185842
Control,2026-02-16,6,678,84.0,0.12389380530973451
Control,2026-02-16,7,678,100.0,0.14749262536873156
Control,2026-02-16,8,678,89.0,0.13126843657817108
Control,2026-02-16,9,678,99.0,0.14601769911504425
Control,2026-02-16,10,678,90.0,0.13274336283185842
Control,2026-02-16,11,678,88.0,0.12979351032448377
Control,2026-02-16,12,678,79.0,0.11651917404129794
Control,2026-02-16,13,678,78.0,0.11504424778761062
Control,2026-02-16,14,678,71.0,0.10471976401179942
Control,2026-02-16,15,678,75.0,0.11061946902654868
Control,2026-02-16,16,678,84.0,0.12389380530973451
Control,2026-02-23,0,684,684.0,1.0
Control,2026-02-23,1,684,112.0,0.16374269005847952
Control,2026-02-23,2,684,90.0,0.13157894736842105
Control,2026-02-23,3,684,94.0,0.13742690058479531
Control,2026-02-23,4,684,90.0,0.13157894736842105
Control,2026-02-23,5,684,91.0,0.13304093567251463
Control,2026-02-23,6,684,75.0,0.10964912280701754
Control,2026-02-23,7,684,92.0,0.13450292397660818
Control,2026-02-23,8,684,75.0,0.10964912280701754
Control,2026-02-23,9,684,88.0,0.1286549707602339
Control,2026-02-23,10,684,99.0,0.14473684210526316
Control,2026-02-23,11,684,82.0,0.11988304093567251
Control,2026-02-23,12,684,72.0,0.10526315789473684
Control,2026-02-23,13,684,98.0,0.14327485380116958
Control,2026-02-23,14,684,88.0,0.1286549707602339
Control,2026-02-23,15,684,98.0,0.14327485380116958
Control,2026-02-23,16,684,85.0,0.12426900584795321
Control,2026-03-02,0,762,762.0,1.0
Control,2026-03-02,1,762,115.0,0.15091863517060367
Control,2026-03-02,2,762,81.0,0.1062992125984252
Control,2026-03-02,3,762,97.0,0.1272965879265092
Control,2026-03-02,4,762,119.0,0.15616797900262466
Control,2026-03-02,5,762,101.0,0.1325459317585302
Control,2026-03-02,6,762,109.0,0.14304461942257218
Control,2026-03-02,7,762,97.0,0.1272965879265092
Control,2026-03-02,8,762,108.0,0.14173228346456693
Control,2026-03-02,9,762,105.0,0.1377952755905512
Control,2026-03-02,10,762,125.0,0.16404199475065617
Control,2026-03-02,11,762,107.0,0.14041994750656167
Control,2026-03-02,12,762,77.0,0.1010498687664042
Control,2026-03-02,13,762,127.0,0.16666666666666666
Control,2026-03-02,14,762,100.0,0.13123359580052493
Control,2026-03-02,15,762,126.0,0.16535433070866143
Control,2026-03-02,16,762,87.0,0.1141732283464567
Control,2026-03-09,0,714,714.0,1.0
Control,2026-03-09,1,714,97.0,0.13585434173669467
Control,2026-03-09,2,714,107.0,0.14985994397759103
Control,2026-03-09,3,714,91.0,0.12745098039215685
Control,2026-03-09,4,714,77.0,0.10784313725490197
Control,2026-03-09,5,714,106.0,0.1484593837535014
Control,2026-03-09,6,714,84.0,0.11764705882352941
Control,2026-03-09,7,714,107.0,0.14985994397759103
Control,2026-03-09,8,714,108.0,0.15126050420168066
Control,2026-03-09,9,714,97.0,0.13585434173669467
Control,2026-03-09,10,714,106.0,0.1484593837535014
Control,2026-03-09,11,714,96.0,0.13445378151260504
Control,2026-03-09,12,714,93.0,0.13025210084033614
Control,2026-03-09,13,714,90.0,0.12605042016806722
Control,2026-03-09,14,714,97.0,0.13585434173669467
Control,2026-03-09,15,714,102.0,0.14285714285714285
Control,2026-03-09,16,714,,
Control,2026-03-16,0,691,691.0,1.0
Control,2026-03-16,1,691,92.0,0.13314037626628075
Control,2026-03-16,2,691,101.0,0.14616497829232997
Control,2026-03-16,3,691,90.0,0.13024602026049203
Control,2026-03-16,4,691,96.0,0.1389290882778582
Control,2026-03-16,5,691,92.0,0.13314037626628075
Control,2026-03-16,6,691,86.0,0.12445730824891461
Control,2026-03-16,7,691,92.0,0.13314037626628075
Control,2026-03-16,8,691,89.0,0.1287988422575977
Control,2026-03-16,9,691,92.0,0.13314037626628075
Control,2026-03-16,10,691,94.0,0.13603473227206947
Control,2026-03-16,11,691,79.0,0.11432706222865413
Control,2026-03-16,12,691,97.0,0.14037626628075253
Control,2026-03-16,13,691,92.0,0.13314037626628075
Control,2026-03-16,14,691,85.0,0.12301013024602026
Control,2026-03-16,15,691,,
Control,2026-03-16,16,691,,
Control,2026-03-23,0,736,736.0,1.0
Control,2026-03-23,1,736,108.0,0.14673913043478262
Control,2026-03-23,2,736,97.0,0.13179347826086957
Control,2026-03-23,3,736,109.0,0.1480978260869565
Control,2026-03-23,4,736,110.0,0.14945652173913043
Control,2026-03-23,5,736,104.0,0.14130434782608695
Control,2026-03-23,6,736,98.0,0.1331521739130435
Control,2026-03-23,7,736,87.0,0.11820652173913043
Control,2026-03-23,8,736,114.0,0.15489130434782608
Control,2026-03-23,9,736,70.0,0.09510869565217392
Control,2026-03-23,10,736,115.0,0.15625
Control,2026-03-23,11,736,112.0,0.15217391304347827
Control,2026-03-23,12,736,124.0,0.16847826086956522
Control,2026-03-23,13,736,110.0,0.14945652173913043
Control,2026-03-23,14,736,,
Control,2026-03-23,15,736,,
Control,2026-03-23,16,736,,
Control,2026-03-30,0,739,739.0,1.0
Control,2026-03-30,1,739,94.0,0.12719891745602166
Control,2026-03-30,2,739,108.0,0.14614343707713126
Control,2026-03-30,3,739,82.0,0.11096075778078485
Control,2026-03-30,4,739,87.0,0.11772665764546685
Control,2026-03-30,5,739,81.0,0.10960757780784844
Control,2026-03-30,6,739,91.0,0.12313937753721245
Control,2026-03-30,7,739,133.0,0.17997293640054127
Control,2026-03-30,8,739,88.0,0.11907983761840325
Control,2026-03-30,9,739,78.0,0.10554803788903924
Control,2026-03-30,10,739,126.0,0.17050067658998647
Control,2026-03-30,11,739,101.0,0.13667117726657646
Control,2026-03-30,12,739,103.0,0.13937753721244925
Control,2026-03-30,13,739,,
Control,2026-03-30,14,739,,
Control,2026-03-30,15,739,,
Control,2026-03-30,16,739,,
Control,2026-04-06,0,711,711.0,1.0
Control,2026-04-06,1,711,96.0,0.1350210970464135
Control,2026-04-06,2,711,87.0,0.12236286919831224
Control,2026-04-06,3,711,87.0,0.12236286919831224
Control,2026-04-06,4,711,90.0,0.12658227848101267
Control,2026-04-06,5,711,75.0,0.10548523206751055
Control,2026-04-06,6,711,104.0,0.14627285513361463
Control,2026-04-06,7,711,106.0,0.1490857946554149
Control,2026-04-06,8,711,97.0,0.13642756680731363
Control,2026-04-06,9,711,104.0,0.14627285513361463
Control,2026-04-06,10,711,98.0,0.13783403656821377
Control,2026-04-06,11,711,90.0,0.12658227848101267
Control,2026-04-06,12,711,,
Control,2026-04-06,13,711,,
Control,2026-04-06,14,711,,
Control,2026-04-06,15,711,,
Control,2026-04-06,16,711,,
Control,2026-04-13,0,675,675.0,1.0
Control,2026-04-13,1,675,88.0,0.13037037037037036
Control,2026-04-13,2,675,76.0,0.11259259259259259
Control,2026-04-13,3,675,96.0,0.14222222222222222
Control,2026-04-13,4,675,102.0,0.1511111111111111
Control,2026-04-13,5,675,76.0,0.11259259259259259
Control,2026-04-13,6,675,97.0,0.1437037037037037
Control,2026-04-13,7,675,90.0,0.13333333333333333
Control,2026-04-13,8,675,82.0,0.12148148148148148
Control,2026-04-13,9,675,102.0,0.1511111111111111
Control,2026-04-13,10,675,95.0,0.14074074074074075
Control,2026-04-13,11,675,,
Control,2026-04-13,12,675,,
Control,2026-04-13,13,675,,
Control,2026-04-13,14,675,,
Control,2026-04-13,15,675,,
Control,2026-04-13,16,675,,
Control,2026-04-20,0,742,742.0,1.0
Control,2026-04-20,1,742,94.0,0.12668463611859837
Control,2026-04-20,2,742,113.0,0.1522911051212938
Control,2026-04-20,3,742,92.0,0.12398921832884097
Control,2026-04-20,4,742,115.0,0.15498652291105122
Control,2026-04-20,5,742,95.0,0.1280323450134771
Control,2026-04-20,6,742,108.0,0.14555256064690028
Control,2026-04-20,7,742,125.0,0.16846361185983827
Control,2026-04-20,8,742,94.0,0.12668463611859837
Control,2026-04-20,9,742,100.0,0.1347708894878706
Control,2026-04-20,10,742,,
Control,2026-04-20,11,742,,
Control,2026-04-20,12,742,,
Control,2026-04-20,13,742,,
Control,2026-04-20,14,742,,
Control,2026-04-20,15,742,,
Control,2026-04-20,16,742,,
Control,2026-04-27,0,722,722.0,1.0
Control,2026-04-27,1,722,105.0,0.14542936288088643
Control,2026-04-27,2,722,106.0,0.14681440443213298
Control,2026-04-27,3,722,92.0,0.12742382271468145
Control,2026-04-27,4,722,87.0,0.12049861495844875
Control,2026-04-27,5,722,100.0,0.13850415512465375
Control,2026-04-27,6,722,77.0,0.10664819944598337
Control,2026-04-27,7,722,89.0,0.12326869806094183
Control,2026-04-27,8,722,85.0,0.11772853185595568
Control,2026-04-27,9,722,,
Control,2026-04-27,10,722,,
Control,2026-04-27,11,722,,
Control,2026-04-27,12,722,,
Control,2026-04-27,13,722,,
Control,2026-04-27,14,722,,
Control,2026-04-27,15,722,,
Control,2026-04-27,16,722,,
Control,2026-05-04,0,758,758.0,1.0
Control,2026-05-04,1,758,97.0,0.1279683377308707
Control,2026-05-04,2,758,102.0,0.1345646437994723
Control,2026-05-04,3,758,106.0,0.13984168865435356
Control,2026-05-04,4,758,96.0,0.1266490765171504
Control,2026-05-04,5,758,117.0,0.15435356200527706
Control,2026-05-04,6,758,95.0,0.12532981530343007
Control,2026-05-04,7,758,94.0,0.12401055408970976
Control,2026-05-04,8,758,,
Control,2026-05-04,9,758,,
Control,2026-05-04,10,758,,
Control,2026-05-04,11,758,,
Control,2026-05-04,12,758,,
Control,2026-05-04,13,758,,
Control,2026-05-04,14,758,,
Control,2026-05-04,15,758,,
Control,2026-05-04,16,758,,
Control,2026-05-11,0,738,738.0,1.0
Control,2026-05-11,1,738,107.0,0.14498644986449866
Control,2026-05-11,2,738,97.0,0.13143631436314362
Control,2026-05-11,3,738,96.0,0.13008130081300814
Control,2026-05-11,4,738,108.0,0.14634146341463414
Control,2026-05-11,5,738,98.0,0.13279132791327913
Control,2026-05-11,6,738,112.0,0.15176151761517614
Control,2026-05-11,7,738,,
Control,2026-05-11,8,738,,
Control,2026-05-11,9,738,,
Control,2026-05-11,10,738,,
Control,2026-05-11,11,738,,
Control,2026-05-11,12,738,,
Control,2026-05-11,13,738,,
Control,2026-05-11,14,738,,
Control,2026-05-11,15,738,,
Control,2026-05-11,16,738,,
Control,2026-05-18,0,712,712.0,1.0
Control,2026-05-18,1,712,96.0,0.1348314606741573
Control,2026-05-18,2,712,105.0,0.14747191011235955
Control,2026-05-18,3,712,113.0,0.15870786516853932
Control,2026-05-18,4,712,87.0,0.12219101123595505
Control,2026-05-18,5,712,108.0,0.15168539325842698
Control,2026-05-18,6,712,,
Control,2026-05-18,7,712,,
Control,2026-05-18,8,712,,
Control,2026-05-18,9,712,,
Control,2026-05-18,10,712,,
Control,2026-05-18,11,712,,
Control,2026-05-18,12,712,,
Control,2026-05-18,13,712,,
Control,2026-05-18,14,712,,
Control,2026-05-18,15,712,,
Control,2026-05-18,16,712,,
Control,2026-05-25,0,712,712.0,1.0
Control,2026-05-25,1,712,104.0,0.14606741573033707
Control,2026-05-25,2,712,93.0,0.1306179775280899
Control,2026-05-25,3,712,98.0,0.13764044943820225
Control,2026-05-25,4,712,111.0,0.15589887640449437
Control,2026-05-25,5,712,,
Control,2026-05-25,6,712,,
Control,2026-05-25,7,712,,
Control,2026-05-25,8,712,,
Control,2026-05-25,9,712,,
Control,2026-05-25,10,712,,
Control,2026-05-25,11,712,,
Control,2026-05-25,12,712,,
Control,2026-05-25,13,712,,
Control,2026-05-25,14,712,,
Control,2026-05-25,15,712,,
Control,2026-05-25,16,712,,
Control,2026-06-01,0,704,704.0,1.0
Control,2026-06-01,1,704,102.0,0.14488636363636365
Control,2026-06-01,2,704,82.0,0.11647727272727272
Control,2026-06-01,3,704,100.0,0.14204545454545456
Control,2026-06-01,4,704,,
Control,2026-06-01,5,704,,
Control,2026-06-01,6,704,,
Control,2026-06-01,7,704,,
Control,2026-06-01,8,704,,
Control,2026-06-01,9,704,,
Control,2026-06-01,10,704,,
Control,2026-06-01,11,704,,
Control,2026-06-01,12,704,,
Control,2026-06-01,13,704,,
Control,2026-06-01,14,704,,
Control,2026-06-01,15,704,,
Control,2026-06-01,16,704,,
Control,2026-06-08,0,699,699.0,1.0
Control,2026-06-08,1,699,99.0,0.14163090128755365
Control,2026-06-08,2,699,107.0,0.1530758226037196
Control,2026-06-08,3,699,,
Control,2026-06-08,4,699,,
Control,2026-06-08,5,699,,
Control,2026-06-08,6,699,,
Control,2026-06-08,7,699,,
Control,2026-06-08,8,699,,
Control,2026-06-08,9,699,,
Control,2026-06-08,10,699,,
Control,2026-06-08,11,699,,
Control,2026-06-08,12,699,,
Control,2026-06-08,13,699,,
Control,2026-06-08,14,699,,
Control,2026-06-08,15,699,,
Control,2026-06-08,16,699,,
Control,2026-06-15,0,723,723.0,1.0
Control,2026-06-15,1,723,116.0,0.16044260027662519
Control,2026-06-15,2,723,,
Control,2026-06-15,3,723,,
Control,2026-06-15,4,723,,
Control,2026-06-15,5,723,,
Control,2026-06-15,6,723,,
Control,2026-06-15,7,723,,
Control,2026-06-15,8,723,,
Control,2026-06-15,9,723,,
Control,2026-06-15,10,723,,
Control,2026-06-15,11,723,,
Control,2026-06-15,12,723,,
Control,2026-06-15,13,723,,
Control,2026-06-15,14,723,,
Control,2026-06-15,15,723,,
Control,2026-06-15,16,723,,
Control,2026-06-22,0,750,750.0,1.0
Control,2026-06-22,1,750,,
Control,2026-06-22,2,750,,
Control,2026-06-22,3,750,,
Control,2026-06-22,4,750,,
Control,2026-06-22,5,750,,
Control,2026-06-22,6,750,,
Control,2026-06-22,7,750,,
Control,2026-06-22,8,750,,
Control,2026-06-22,9,750,,
Control,2026-06-22,10,750,,
Control,2026-06-22,11,750,,
Control,2026-06-22,12,750,,
Control,2026-06-22,13,750,,
Control,2026-06-22,14,750,,
Control,2026-06-22,15,750,,
Control,2026-06-22,16,750,,
Control,2026-06-29,0,251,,
Control,2026-06-29,1,251,,
Control,2026-06-29,2,251,,
Control,2026-06-29,3,251,,
Control,2026-06-29,4,251,,
Control,2026-06-29,5,251,,
Control,2026-06-29,6,251,,
Control,2026-06-29,7,251,,
Control,2026-06-29,8,251,,
Control,2026-06-29,9,251,,
Control,2026-06-29,10,251,,
Control,2026-06-29,11,251,,
Control,2026-06-29,12,251,,
Control,2026-06-29,13,251,,
Control,2026-06-29,14,251,,
Control,2026-06-29,15,251,,
Control,2026-06-29,16,251,,
Treatment,2025-10-27,0,221,221.0,1.0
Treatment,2025-10-27,1,221,15.0,0.06787330316742081
Treatment,2025-10-27,2,221,17.0,0.07692307692307693
Treatment,2025-10-27,3,221,15.0,0.06787330316742081
Treatment,2025-10-27,4,221,18.0,0.08144796380090498
Treatment,2025-10-27,5,221,18.0,0.08144796380090498
Treatment,2025-10-27,6,221,9.0,0.04072398190045249
Treatment,2025-10-27,7,221,14.0,0.06334841628959276
Treatment,2025-10-27,8,221,21.0,0.09502262443438914
Treatment,2025-10-27,9,221,22.0,0.09954751131221719
Treatment,2025-10-27,10,221,14.0,0.06334841628959276
Treatment,2025-10-27,11,221,11.0,0.049773755656108594
Treatment,2025-10-27,12,221,16.0,0.07239819004524888
Treatment,2025-10-27,13,221,10.0,0.04524886877828054
Treatment,2025-10-27,14,221,14.0,0.06334841628959276
Treatment,2025-10-27,15,221,14.0,0.06334841628959276
Treatment,2025-10-27,16,221,19.0,0.08597285067873303
Treatment,2025-11-03,0,757,757.0,1.0
Treatment,2025-11-03,1,757,56.0,0.07397622192866579
Treatment,2025-11-03,2,757,55.0,0.0726552179656539
Treatment,2025-11-03,3,757,42.0,0.05548216644649934
Treatment,2025-11-03,4,757,51.0,0.06737120211360634
Treatment,2025-11-03,5,757,56.0,0.07397622192866579
Treatment,2025-11-03,6,757,60.0,0.07926023778071334
Treatment,2025-11-03,7,757,39.0,0.05151915455746367
Treatment,2025-11-03,8,757,45.0,0.059445178335535004
Treatment,2025-11-03,9,757,62.0,0.08190224570673713
Treatment,2025-11-03,10,757,49.0,0.06472919418758256
Treatment,2025-11-03,11,757,51.0,0.06737120211360634
Treatment,2025-11-03,12,757,55.0,0.0726552179656539
Treatment,2025-11-03,13,757,44.0,0.05812417437252312
Treatment,2025-11-03,14,757,62.0,0.08190224570673713
Treatment,2025-11-03,15,757,57.0,0.07529722589167767
Treatment,2025-11-03,16,757,53.0,0.07001321003963012
Treatment,2025-11-10,0,711,711.0,1.0
Treatment,2025-11-10,1,711,54.0,0.0759493670886076
Treatment,2025-11-10,2,711,50.0,0.07032348804500703
Treatment,2025-11-10,3,711,48.0,0.06751054852320675
Treatment,2025-11-10,4,711,42.0,0.05907172995780591
Treatment,2025-11-10,5,711,50.0,0.07032348804500703
Treatment,2025-11-10,6,711,61.0,0.08579465541490858
Treatment,2025-11-10,7,711,38.0,0.053445850914205346
Treatment,2025-11-10,8,711,54.0,0.0759493670886076
Treatment,2025-11-10,9,711,49.0,0.06891701828410689
Treatment,2025-11-10,10,711,52.0,0.07313642756680731
Treatment,2025-11-10,11,711,47.0,0.06610407876230662
Treatment,2025-11-10,12,711,48.0,0.06751054852320675
Treatment,2025-11-10,13,711,59.0,0.0829817158931083
Treatment,2025-11-10,14,711,46.0,0.06469760900140648
Treatment,2025-11-10,15,711,37.0,0.052039381153305204
Treatment,2025-11-10,16,711,61.0,0.08579465541490858
Treatment,2025-11-17,0,741,741.0,1.0
Treatment,2025-11-17,1,741,44.0,0.059379217273954114
Treatment,2025-11-17,2,741,50.0,0.06747638326585695
Treatment,2025-11-17,3,741,66.0,0.08906882591093117
Treatment,2025-11-17,4,741,51.0,0.06882591093117409
Treatment,2025-11-17,5,741,51.0,0.06882591093117409
Treatment,2025-11-17,6,741,49.0,0.06612685560053981
Treatment,2025-11-17,7,741,53.0,0.07152496626180836
Treatment,2025-11-17,8,741,54.0,0.0728744939271255
Treatment,2025-11-17,9,741,56.0,0.07557354925775979
Treatment,2025-11-17,10,741,50.0,0.06747638326585695
Treatment,2025-11-17,11,741,50.0,0.06747638326585695
Treatment,2025-11-17,12,741,69.0,0.0931174089068826
Treatment,2025-11-17,13,741,55.0,0.07422402159244265
Treatment,2025-11-17,14,741,59.0,0.0796221322537112
Treatment,2025-11-17,15,741,52.0,0.07017543859649122
Treatment,2025-11-17,16,741,47.0,0.06342780026990553
Treatment,2025-11-24,0,732,732.0,1.0
Treatment,2025-11-24,1,732,63.0,0.0860655737704918
Treatment,2025-11-24,2,732,56.0,0.07650273224043716
Treatment,2025-11-24,3,732,61.0,0.08333333333333333
Treatment,2025-11-24,4,732,36.0,0.04918032786885246
Treatment,2025-11-24,5,732,54.0,0.07377049180327869
Treatment,2025-11-24,6,732,40.0,0.0546448087431694
Treatment,2025-11-24,7,732,55.0,0.07513661202185792
Treatment,2025-11-24,8,732,56.0,0.07650273224043716
Treatment,2025-11-24,9,732,51.0,0.06967213114754098
Treatment,2025-11-24,10,732,41.0,0.056010928961748634
Treatment,2025-11-24,11,732,52.0,0.07103825136612021
Treatment,2025-11-24,12,732,63.0,0.0860655737704918
Treatment,2025-11-24,13,732,61.0,0.08333333333333333
Treatment,2025-11-24,14,732,47.0,0.06420765027322405
Treatment,2025-11-24,15,732,47.0,0.06420765027322405
Treatment,2025-11-24,16,732,63.0,0.0860655737704918
Treatment,2025-12-01,0,720,720.0,1.0
Treatment,2025-12-01,1,720,73.0,0.10138888888888889
Treatment,2025-12-01,2,720,59.0,0.08194444444444444
Treatment,2025-12-01,3,720,65.0,0.09027777777777778
Treatment,2025-12-01,4,720,56.0,0.07777777777777778
Treatment,2025-12-01,5,720,57.0,0.07916666666666666
Treatment,2025-12-01,6,720,49.0,0.06805555555555555
Treatment,2025-12-01,7,720,69.0,0.09583333333333334
Treatment,2025-12-01,8,720,48.0,0.06666666666666667
Treatment,2025-12-01,9,720,60.0,0.08333333333333333
Treatment,2025-12-01,10,720,55.0,0.0763888888888889
Treatment,2025-12-01,11,720,65.0,0.09027777777777778
Treatment,2025-12-01,12,720,54.0,0.075
Treatment,2025-12-01,13,720,66.0,0.09166666666666666
Treatment,2025-12-01,14,720,56.0,0.07777777777777778
Treatment,2025-12-01,15,720,54.0,0.075
Treatment,2025-12-01,16,720,60.0,0.08333333333333333
Treatment,2025-12-08,0,730,730.0,1.0
Treatment,2025-12-08,1,730,57.0,0.07808219178082192
Treatment,2025-12-08,2,730,73.0,0.1
Treatment,2025-12-08,3,730,53.0,0.07260273972602739
Treatment,2025-12-08,4,730,60.0,0.0821917808219178
Treatment,2025-12-08,5,730,51.0,0.06986301369863014
Treatment,2025-12-08,6,730,43.0,0.0589041095890411
Treatment,2025-12-08,7,730,58.0,0.07945205479452055
Treatment,2025-12-08,8,730,63.0,0.0863013698630137
Treatment,2025-12-08,9,730,55.0,0.07534246575342465
Treatment,2025-12-08,10,730,72.0,0.09863013698630137
Treatment,2025-12-08,11,730,54.0,0.07397260273972603
Treatment,2025-12-08,12,730,63.0,0.0863013698630137
Treatment,2025-12-08,13,730,58.0,0.07945205479452055
Treatment,2025-12-08,14,730,62.0,0.08493150684931507
Treatment,2025-12-08,15,730,63.0,0.0863013698630137
Treatment,2025-12-08,16,730,50.0,0.0684931506849315
Treatment,2025-12-15,0,698,698.0,1.0
Treatment,2025-12-15,1,698,69.0,0.0988538681948424
Treatment,2025-12-15,2,698,69.0,0.0988538681948424
Treatment,2025-12-15,3,698,65.0,0.09312320916905444
Treatment,2025-12-15,4,698,66.0,0.09455587392550144
Treatment,2025-12-15,5,698,59.0,0.08452722063037249
Treatment,2025-12-15,6,698,61.0,0.08739255014326648
Treatment,2025-12-15,7,698,47.0,0.0673352435530086
Treatment,2025-12-15,8,698,71.0,0.1017191977077364
Treatment,2025-12-15,9,698,55.0,0.07879656160458452
Treatment,2025-12-15,10,698,60.0,0.08595988538681948
Treatment,2025-12-15,11,698,65.0,0.09312320916905444
Treatment,2025-12-15,12,698,61.0,0.08739255014326648
Treatment,2025-12-15,13,698,42.0,0.06017191977077364
Treatment,2025-12-15,14,698,69.0,0.0988538681948424
Treatment,2025-12-15,15,698,64.0,0.09169054441260745
Treatment,2025-12-15,16,698,62.0,0.08882521489971347
Treatment,2025-12-22,0,735,735.0,1.0
Treatment,2025-12-22,1,735,61.0,0.08299319727891157
Treatment,2025-12-22,2,735,81.0,0.11020408163265306
Treatment,2025-12-22,3,735,70.0,0.09523809523809523
Treatment,2025-12-22,4,735,78.0,0.10612244897959183
Treatment,2025-12-22,5,735,71.0,0.09659863945578231
Treatment,2025-12-22,6,735,68.0,0.09251700680272108
Treatment,2025-12-22,7,735,57.0,0.07755102040816327
Treatment,2025-12-22,8,735,67.0,0.09115646258503401
Treatment,2025-12-22,9,735,54.0,0.07346938775510205
Treatment,2025-12-22,10,735,52.0,0.0707482993197279
Treatment,2025-12-22,11,735,57.0,0.07755102040816327
Treatment,2025-12-22,12,735,59.0,0.08027210884353742
Treatment,2025-12-22,13,735,65.0,0.08843537414965986
Treatment,2025-12-22,14,735,68.0,0.09251700680272108
Treatment,2025-12-22,15,735,75.0,0.10204081632653061
Treatment,2025-12-22,16,735,58.0,0.07891156462585033
Treatment,2025-12-29,0,696,696.0,1.0
Treatment,2025-12-29,1,696,67.0,0.09626436781609195
Treatment,2025-12-29,2,696,70.0,0.10057471264367816
Treatment,2025-12-29,3,696,58.0,0.08333333333333333
Treatment,2025-12-29,4,696,62.0,0.08908045977011494
Treatment,2025-12-29,5,696,65.0,0.09339080459770115
Treatment,2025-12-29,6,696,55.0,0.07902298850574713
Treatment,2025-12-29,7,696,66.0,0.09482758620689655
Treatment,2025-12-29,8,696,75.0,0.10775862068965517
Treatment,2025-12-29,9,696,55.0,0.07902298850574713
Treatment,2025-12-29,10,696,61.0,0.08764367816091954
Treatment,2025-12-29,11,696,73.0,0.10488505747126436
Treatment,2025-12-29,12,696,72.0,0.10344827586206896
Treatment,2025-12-29,13,696,69.0,0.09913793103448276
Treatment,2025-12-29,14,696,51.0,0.07327586206896551
Treatment,2025-12-29,15,696,56.0,0.08045977011494253
Treatment,2025-12-29,16,696,59.0,0.08477011494252873
Treatment,2026-01-05,0,702,702.0,1.0
Treatment,2026-01-05,1,702,65.0,0.09259259259259259
Treatment,2026-01-05,2,702,73.0,0.10398860398860399
Treatment,2026-01-05,3,702,88.0,0.12535612535612536
Treatment,2026-01-05,4,702,60.0,0.08547008547008547
Treatment,2026-01-05,5,702,76.0,0.10826210826210826
Treatment,2026-01-05,6,702,75.0,0.10683760683760683
Treatment,2026-01-05,7,702,63.0,0.08974358974358974
Treatment,2026-01-05,8,702,70.0,0.09971509971509972
Treatment,2026-01-05,9,702,58.0,0.08262108262108261
Treatment,2026-01-05,10,702,73.0,0.10398860398860399
Treatment,2026-01-05,11,702,78.0,0.1111111111111111
Treatment,2026-01-05,12,702,60.0,0.08547008547008547
Treatment,2026-01-05,13,702,62.0,0.08831908831908832
Treatment,2026-01-05,14,702,60.0,0.08547008547008547
Treatment,2026-01-05,15,702,74.0,0.10541310541310542
Treatment,2026-01-05,16,702,73.0,0.10398860398860399
Treatment,2026-01-12,0,739,739.0,1.0
Treatment,2026-01-12,1,739,53.0,0.07171853856562922
Treatment,2026-01-12,2,739,71.0,0.09607577807848444
Treatment,2026-01-12,3,739,96.0,0.12990527740189445
Treatment,2026-01-12,4,739,84.0,0.11366711772665765
Treatment,2026-01-12,5,739,62.0,0.08389715832205684
Treatment,2026-01-12,6,739,70.0,0.09472259810554803
Treatment,2026-01-12,7,739,72.0,0.09742895805142084
Treatment,2026-01-12,8,739,64.0,0.08660351826792964
Treatment,2026-01-12,9,739,74.0,0.10013531799729364
Treatment,2026-01-12,10,739,76.0,0.10284167794316644
Treatment,2026-01-12,11,739,82.0,0.11096075778078485
Treatment,2026-01-12,12,739,81.0,0.10960757780784844
Treatment,2026-01-12,13,739,74.0,0.10013531799729364
Treatment,2026-01-12,14,739,73.0,0.09878213802435724
Treatment,2026-01-12,15,739,74.0,0.10013531799729364
Treatment,2026-01-12,16,739,86.0,0.11637347767253045
Treatment,2026-01-19,0,735,735.0,1.0
Treatment,2026-01-19,1,735,74.0,0.10068027210884353
Treatment,2026-01-19,2,735,76.0,0.10340136054421768
Treatment,2026-01-19,3,735,72.0,0.09795918367346938
Treatment,2026-01-19,4,735,75.0,0.10204081632653061
Treatment,2026-01-19,5,735,87.0,0.11836734693877551
Treatment,2026-01-19,6,735,86.0,0.11700680272108843
Treatment,2026-01-19,7,735,84.0,0.11428571428571428
Treatment,2026-01-19,8,735,74.0,0.10068027210884353
Treatment,2026-01-19,9,735,82.0,0.11156462585034013
Treatment,2026-01-19,10,735,77.0,0.10476190476190476
Treatment,2026-01-19,11,735,74.0,0.10068027210884353
Treatment,2026-01-19,12,735,78.0,0.10612244897959183
Treatment,2026-01-19,13,735,85.0,0.11564625850340136
Treatment,2026-01-19,14,735,80.0,0.10884353741496598
Treatment,2026-01-19,15,735,62.0,0.08435374149659863
Treatment,2026-01-19,16,735,74.0,0.10068027210884353
Treatment,2026-01-26,0,694,694.0,1.0
Treatment,2026-01-26,1,694,75.0,0.10806916426512968
Treatment,2026-01-26,2,694,68.0,0.09798270893371758
Treatment,2026-01-26,3,694,77.0,0.11095100864553314
Treatment,2026-01-26,4,694,81.0,0.11671469740634005
Treatment,2026-01-26,5,694,65.0,0.0936599423631124
Treatment,2026-01-26,6,694,60.0,0.08645533141210375
Treatment,2026-01-26,7,694,92.0,0.13256484149855907
Treatment,2026-01-26,8,694,81.0,0.11671469740634005
Treatment,2026-01-26,9,694,74.0,0.10662824207492795
Treatment,2026-01-26,10,694,73.0,0.10518731988472622
Treatment,2026-01-26,11,694,75.0,0.10806916426512968
Treatment,2026-01-26,12,694,87.0,0.12536023054755044
Treatment,2026-01-26,13,694,82.0,0.11815561959654179
Treatment,2026-01-26,14,694,79.0,0.1138328530259366
Treatment,2026-01-26,15,694,70.0,0.10086455331412104
Treatment,2026-01-26,16,694,48.0,0.069164265129683
Treatment,2026-02-02,0,702,702.0,1.0
Treatment,2026-02-02,1,702,89.0,0.1267806267806268
Treatment,2026-02-02,2,702,92.0,0.13105413105413105
Treatment,2026-02-02,3,702,85.0,0.12108262108262108
Treatment,2026-02-02,4,702,83.0,0.11823361823361823
Treatment,2026-02-02,5,702,81.0,0.11538461538461539
Treatment,2026-02-02,6,702,81.0,0.11538461538461539
Treatment,2026-02-02,7,702,87.0,0.12393162393162394
Treatment,2026-02-02,8,702,88.0,0.12535612535612536
Treatment,2026-02-02,9,702,74.0,0.10541310541310542
Treatment,2026-02-02,10,702,88.0,0.12535612535612536
Treatment,2026-02-02,11,702,95.0,0.13532763532763534
Treatment,2026-02-02,12,702,84.0,0.11965811965811966
Treatment,2026-02-02,13,702,57.0,0.0811965811965812
Treatment,2026-02-02,14,702,84.0,0.11965811965811966
Treatment,2026-02-02,15,702,80.0,0.11396011396011396
Treatment,2026-02-02,16,702,92.0,0.13105413105413105
Treatment,2026-02-09,0,743,743.0,1.0
Treatment,2026-02-09,1,743,98.0,0.13189771197846567
Treatment,2026-02-09,2,743,83.0,0.1117092866756393
Treatment,2026-02-09,3,743,104.0,0.13997308209959622
Treatment,2026-02-09,4,743,99.0,0.13324360699865412
Treatment,2026-02-09,5,743,100.0,0.13458950201884254
Treatment,2026-02-09,6,743,97.0,0.13055181695827725
Treatment,2026-02-09,7,743,79.0,0.1063257065948856
Treatment,2026-02-09,8,743,81.0,0.10901749663526245
Treatment,2026-02-09,9,743,88.0,0.11843876177658143
Treatment,2026-02-09,10,743,74.0,0.09959623149394348
Treatment,2026-02-09,11,743,89.0,0.11978465679676985
Treatment,2026-02-09,12,743,82.0,0.11036339165545088
Treatment,2026-02-09,13,743,84.0,0.11305518169582772
Treatment,2026-02-09,14,743,63.0,0.0847913862718708
Treatment,2026-02-09,15,743,85.0,0.11440107671601615
Treatment,2026-02-09,16,743,92.0,0.12382234185733512
Treatment,2026-02-16,0,709,709.0,1.0
Treatment,2026-02-16,1,709,90.0,0.12693935119887165
Treatment,2026-02-16,2,709,89.0,0.12552891396332863
Treatment,2026-02-16,3,709,86.0,0.12129760225669958
Treatment,2026-02-16,4,709,96.0,0.13540197461212977
Treatment,2026-02-16,5,709,90.0,0.12693935119887165
Treatment,2026-02-16,6,709,89.0,0.12552891396332863
Treatment,2026-02-16,7,709,83.0,0.11706629055007052
Treatment,2026-02-16,8,709,80.0,0.11283497884344147
Treatment,2026-02-16,9,709,93.0,0.1311706629055007
Treatment,2026-02-16,10,709,82.0,0.1156558533145275
Treatment,2026-02-16,11,709,99.0,0.13963328631875882
Treatment,2026-02-16,12,709,112.0,0.15796897038081806
Treatment,2026-02-16,13,709,72.0,0.10155148095909731
Treatment,2026-02-16,14,709,68.0,0.09590973201692525
Treatment,2026-02-16,15,709,89.0,0.12552891396332863
Treatment,2026-02-16,16,709,95.0,0.13399153737658676
Treatment,2026-02-23,0,745,745.0,1.0
Treatment,2026-02-23,1,745,95.0,0.12751677852348994
Treatment,2026-02-23,2,745,104.0,0.1395973154362416
Treatment,2026-02-23,3,745,98.0,0.13154362416107382
Treatment,2026-02-23,4,745,107.0,0.1436241610738255
Treatment,2026-02-23,5,745,108.0,0.14496644295302014
Treatment,2026-02-23,6,745,108.0,0.14496644295302014
Treatment,2026-02-23,7,745,99.0,0.13288590604026845
Treatment,2026-02-23,8,745,92.0,0.12348993288590604
Treatment,2026-02-23,9,745,90.0,0.12080536912751678
Treatment,2026-02-23,10,745,106.0,0.14228187919463087
Treatment,2026-02-23,11,745,98.0,0.13154362416107382
Treatment,2026-02-23,12,745,99.0,0.13288590604026845
Treatment,2026-02-23,13,745,106.0,0.14228187919463087
Treatment,2026-02-23,14,745,101.0,0.13557046979865772
Treatment,2026-02-23,15,745,94.0,0.1261744966442953
Treatment,2026-02-23,16,745,97.0,0.13020134228187918
Treatment,2026-03-02,0,754,754.0,1.0
Treatment,2026-03-02,1,754,101.0,0.13395225464190982
Treatment,2026-03-02,2,754,117.0,0.15517241379310345
Treatment,2026-03-02,3,754,102.0,0.13527851458885942
Treatment,2026-03-02,4,754,96.0,0.1273209549071618
Treatment,2026-03-02,5,754,100.0,0.13262599469496023
Treatment,2026-03-02,6,754,104.0,0.13793103448275862
Treatment,2026-03-02,7,754,96.0,0.1273209549071618
Treatment,2026-03-02,8,754,97.0,0.1286472148541114
Treatment,2026-03-02,9,754,102.0,0.13527851458885942
Treatment,2026-03-02,10,754,105.0,0.13925729442970822
Treatment,2026-03-02,11,754,115.0,0.15251989389920426
Treatment,2026-03-02,12,754,99.0,0.1312997347480106
Treatment,2026-03-02,13,754,114.0,0.15119363395225463
Treatment,2026-03-02,14,754,78.0,0.10344827586206896
Treatment,2026-03-02,15,754,89.0,0.11803713527851459
Treatment,2026-03-02,16,754,109.0,0.14456233421750664
Treatment,2026-03-09,0,720,720.0,1.0
Treatment,2026-03-09,1,720,101.0,0.14027777777777778
Treatment,2026-03-09,2,720,94.0,0.13055555555555556
Treatment,2026-03-09,3,720,106.0,0.14722222222222223
Treatment,2026-03-09,4,720,90.0,0.125
Treatment,2026-03-09,5,720,95.0,0.13194444444444445
Treatment,2026-03-09,6,720,82.0,0.11388888888888889
Treatment,2026-03-09,7,720,99.0,0.1375
Treatment,2026-03-09,8,720,95.0,0.13194444444444445
Treatment,2026-03-09,9,720,100.0,0.1388888888888889
Treatment,2026-03-09,10,720,105.0,0.14583333333333334
Treatment,2026-03-09,11,720,97.0,0.13472222222222222
Treatment,2026-03-09,12,720,87.0,0.12083333333333333
Treatment,2026-03-09,13,720,99.0,0.1375
Treatment,2026-03-09,14,720,87.0,0.12083333333333333
Treatment,2026-03-09,15,720,79.0,0.10972222222222222
Treatment,2026-03-09,16,720,,
Treatment,2026-03-16,0,716,716.0,1.0
Treatment,2026-03-16,1,716,97.0,0.13547486033519554
Treatment,2026-03-16,2,716,102.0,0.1424581005586592
Treatment,2026-03-16,3,716,89.0,0.12430167597765363
Treatment,2026-03-16,4,716,91.0,0.1270949720670391
Treatment,2026-03-16,5,716,91.0,0.1270949720670391
Treatment,2026-03-16,6,716,91.0,0.1270949720670391
Treatment,2026-03-16,7,716,98.0,0.13687150837988826
Treatment,2026-03-16,8,716,109.0,0.15223463687150837
Treatment,2026-03-16,9,716,103.0,0.14385474860335196
Treatment,2026-03-16,10,716,96.0,0.1340782122905028
Treatment,2026-03-16,11,716,74.0,0.10335195530726257
Treatment,2026-03-16,12,716,94.0,0.13128491620111732
Treatment,2026-03-16,13,716,90.0,0.12569832402234637
Treatment,2026-03-16,14,716,106.0,0.14804469273743018
Treatment,2026-03-16,15,716,,
Treatment,2026-03-16,16,716,,
Treatment,2026-03-23,0,735,735.0,1.0
Treatment,2026-03-23,1,735,84.0,0.11428571428571428
Treatment,2026-03-23,2,735,72.0,0.09795918367346938
Treatment,2026-03-23,3,735,92.0,0.1251700680272109
Treatment,2026-03-23,4,735,79.0,0.10748299319727891
Treatment,2026-03-23,5,735,103.0,0.1401360544217687
Treatment,2026-03-23,6,735,105.0,0.14285714285714285
Treatment,2026-03-23,7,735,118.0,0.16054421768707483
Treatment,2026-03-23,8,735,114.0,0.15510204081632653
Treatment,2026-03-23,9,735,113.0,0.15374149659863945
Treatment,2026-03-23,10,735,104.0,0.1414965986394558
Treatment,2026-03-23,11,735,101.0,0.13741496598639455
Treatment,2026-03-23,12,735,109.0,0.14829931972789115
Treatment,2026-03-23,13,735,104.0,0.1414965986394558
Treatment,2026-03-23,14,735,,
Treatment,2026-03-23,15,735,,
Treatment,2026-03-23,16,735,,
Treatment,2026-03-30,0,714,714.0,1.0
Treatment,2026-03-30,1,714,104.0,0.14565826330532214
Treatment,2026-03-30,2,714,92.0,0.12885154061624648
Treatment,2026-03-30,3,714,97.0,0.13585434173669467
Treatment,2026-03-30,4,714,91.0,0.12745098039215685
Treatment,2026-03-30,5,714,90.0,0.12605042016806722
Treatment,2026-03-30,6,714,90.0,0.12605042016806722
Treatment,2026-03-30,7,714,102.0,0.14285714285714285
Treatment,2026-03-30,8,714,91.0,0.12745098039215685
Treatment,2026-03-30,9,714,89.0,0.12464985994397759
Treatment,2026-03-30,10,714,92.0,0.12885154061624648
Treatment,2026-03-30,11,714,96.0,0.13445378151260504
Treatment,2026-03-30,12,714,89.0,0.12464985994397759
Treatment,2026-03-30,13,714,,
Treatment,2026-03-30,14,714,,
Treatment,2026-03-30,15,714,,
Treatment,2026-03-30,16,714,,
Treatment,2026-04-06,0,734,734.0,1.0
Treatment,2026-04-06,1,734,97.0,0.13215258855585832
Treatment,2026-04-06,2,734,88.0,0.11989100817438691
Treatment,2026-04-06,3,734,109.0,0.14850136239782016
Treatment,2026-04-06,4,734,93.0,0.12670299727520437
Treatment,2026-04-06,5,734,110.0,0.14986376021798364
Treatment,2026-04-06,6,734,118.0,0.16076294277929154
Treatment,2026-04-06,7,734,92.0,0.12534059945504086
Treatment,2026-04-06,8,734,101.0,0.13760217983651227
Treatment,2026-04-06,9,734,87.0,0.11852861035422343
Treatment,2026-04-06,10,734,95.0,0.12942779291553133
Treatment,2026-04-06,11,734,96.0,0.1307901907356948
Treatment,2026-04-06,12,734,,
Treatment,2026-04-06,13,734,,
Treatment,2026-04-06,14,734,,
Treatment,2026-04-06,15,734,,
Treatment,2026-04-06,16,734,,
Treatment,2026-04-13,0,774,774.0,1.0
Treatment,2026-04-13,1,774,78.0,0.10077519379844961
Treatment,2026-04-13,2,774,90.0,0.11627906976744186
Treatment,2026-04-13,3,774,107.0,0.13824289405684753
Treatment,2026-04-13,4,774,106.0,0.13695090439276486
Treatment,2026-04-13,5,774,108.0,0.13953488372093023
Treatment,2026-04-13,6,774,105.0,0.13565891472868216
Treatment,2026-04-13,7,774,108.0,0.13953488372093023
Treatment,2026-04-13,8,774,104.0,0.1343669250645995
Treatment,2026-04-13,9,774,102.0,0.13178294573643412
Treatment,2026-04-13,10,774,98.0,0.12661498708010335
Treatment,2026-04-13,11,774,,
Treatment,2026-04-13,12,774,,
Treatment,2026-04-13,13,774,,
Treatment,2026-04-13,14,774,,
Treatment,2026-04-13,15,774,,
Treatment,2026-04-13,16,774,,
Treatment,2026-04-20,0,734,734.0,1.0
Treatment,2026-04-20,1,734,97.0,0.13215258855585832
Treatment,2026-04-20,2,734,109.0,0.14850136239782016
Treatment,2026-04-20,3,734,79.0,0.10762942779291552
Treatment,2026-04-20,4,734,101.0,0.13760217983651227
Treatment,2026-04-20,5,734,102.0,0.13896457765667575
Treatment,2026-04-20,6,734,93.0,0.12670299727520437
Treatment,2026-04-20,7,734,99.0,0.13487738419618528
Treatment,2026-04-20,8,734,94.0,0.12806539509536785
Treatment,2026-04-20,9,734,114.0,0.1553133514986376
Treatment,2026-04-20,10,734,,
Treatment,2026-04-20,11,734,,
Treatment,2026-04-20,12,734,,
Treatment,2026-04-20,13,734,,
Treatment,2026-04-20,14,734,,
Treatment,2026-04-20,15,734,,
Treatment,2026-04-20,16,734,,
Treatment,2026-04-27,0,725,725.0,1.0
Treatment,2026-04-27,1,725,95.0,0.1310344827586207
Treatment,2026-04-27,2,725,98.0,0.13517241379310344
Treatment,2026-04-27,3,725,95.0,0.1310344827586207
Treatment,2026-04-27,4,725,91.0,0.12551724137931033
Treatment,2026-04-27,5,725,99.0,0.13655172413793104
Treatment,2026-04-27,6,725,84.0,0.11586206896551725
Treatment,2026-04-27,7,725,81.0,0.11172413793103449
Treatment,2026-04-27,8,725,82.0,0.11310344827586206
Treatment,2026-04-27,9,725,,
Treatment,2026-04-27,10,725,,
Treatment,2026-04-27,11,725,,
Treatment,2026-04-27,12,725,,
Treatment,2026-04-27,13,725,,
Treatment,2026-04-27,14,725,,
Treatment,2026-04-27,15,725,,
Treatment,2026-04-27,16,725,,
Treatment,2026-05-04,0,727,727.0,1.0
Treatment,2026-05-04,1,727,114.0,0.15680880330123798
Treatment,2026-05-04,2,727,97.0,0.13342503438789546
Treatment,2026-05-04,3,727,105.0,0.14442916093535077
Treatment,2026-05-04,4,727,105.0,0.14442916093535077
Treatment,2026-05-04,5,727,116.0,0.15955983493810177
Treatment,2026-05-04,6,727,105.0,0.14442916093535077
Treatment,2026-05-04,7,727,98.0,0.13480055020632736
Treatment,2026-05-04,8,727,,
Treatment,2026-05-04,9,727,,
Treatment,2026-05-04,10,727,,
Treatment,2026-05-04,11,727,,
Treatment,2026-05-04,12,727,,
Treatment,2026-05-04,13,727,,
Treatment,2026-05-04,14,727,,
Treatment,2026-05-04,15,727,,
Treatment,2026-05-04,16,727,,
Treatment,2026-05-11,0,700,700.0,1.0
Treatment,2026-05-11,1,700,104.0,0.14857142857142858
Treatment,2026-05-11,2,700,111.0,0.15857142857142856
Treatment,2026-05-11,3,700,93.0,0.13285714285714287
Treatment,2026-05-11,4,700,89.0,0.12714285714285714
Treatment,2026-05-11,5,700,104.0,0.14857142857142858
Treatment,2026-05-11,6,700,85.0,0.12142857142857143
Treatment,2026-05-11,7,700,,
Treatment,2026-05-11,8,700,,
Treatment,2026-05-11,9,700,,
Treatment,2026-05-11,10,700,,
Treatment,2026-05-11,11,700,,
Treatment,2026-05-11,12,700,,
Treatment,2026-05-11,13,700,,
Treatment,2026-05-11,14,700,,
Treatment,2026-05-11,15,700,,
Treatment,2026-05-11,16,700,,
Treatment,2026-05-18,0,720,720.0,1.0
Treatment,2026-05-18,1,720,85.0,0.11805555555555555
Treatment,2026-05-18,2,720,94.0,0.13055555555555556
Treatment,2026-05-18,3,720,93.0,0.12916666666666668
Treatment,2026-05-18,4,720,93.0,0.12916666666666668
Treatment,2026-05-18,5,720,109.0,0.15138888888888888
Treatment,2026-05-18,6,720,,
Treatment,2026-05-18,7,720,,
Treatment,2026-05-18,8,720,,
Treatment,2026-05-18,9,720,,
Treatment,2026-05-18,10,720,,
Treatment,2026-05-18,11,720,,
Treatment,2026-05-18,12,720,,
Treatment,2026-05-18,13,720,,
Treatment,2026-05-18,14,720,,
Treatment,2026-05-18,15,720,,
Treatment,2026-05-18,16,720,,
Treatment,2026-05-25,0,685,685.0,1.0
Treatment,2026-05-25,1,685,109.0,0.1591240875912409
Treatment,2026-05-25,2,685,90.0,0.13138686131386862
Treatment,2026-05-25,3,685,94.0,0.13722627737226278
Treatment,2026-05-25,4,685,98.0,0.14306569343065692
Treatment,2026-05-25,5,685,,
Treatment,2026-05-25,6,685,,
Treatment,2026-05-25,7,685,,
Treatment,2026-05-25,8,685,,
Treatment,2026-05-25,9,685,,
Treatment,2026-05-25,10,685,,
Treatment,2026-05-25,11,685,,
Treatment,2026-05-25,12,685,,
Treatment,2026-05-25,13,685,,
Treatment,2026-05-25,14,685,,
Treatment,2026-05-25,15,685,,
Treatment,2026-05-25,16,685,,
Treatment,2026-06-01,0,700,700.0,1.0
Treatment,2026-06-01,1,700,98.0,0.14
Treatment,2026-06-01,2,700,88.0,0.12571428571428572
Treatment,2026-06-01,3,700,97.0,0.13857142857142857
Treatment,2026-06-01,4,700,,
Treatment,2026-06-01,5,700,,
Treatment,2026-06-01,6,700,,
Treatment,2026-06-01,7,700,,
Treatment,2026-06-01,8,700,,
Treatment,2026-06-01,9,700,,
Treatment,2026-06-01,10,700,,
Treatment,2026-06-01,11,700,,
Treatment,2026-06-01,12,700,,
Treatment,2026-06-01,13,700,,
Treatment,2026-06-01,14,700,,
Treatment,2026-06-01,15,700,,
Treatment,2026-06-01,16,700,,
Treatment,2026-06-08,0,723,723.0,1.0
Treatment,2026-06-08,1,723,104.0,0.14384508990318118
Treatment,2026-06-08,2,723,100.0,0.13831258644536654
Treatment,2026-06-08,3,723,,
Treatment,2026-06-08,4,723,,
Treatment,2026-06-08,5,723,,
Treatment,2026-06-08,6,723,,
Treatment,2026-06-08,7,723,,
Treatment,2026-06-08,8,723,,
Treatment,2026-06-08,9,723,,
Treatment,2026-06-08,10,723,,
Treatment,2026-06-08,11,723,,
Treatment,2026-06-08,12,723,,
Treatment,2026-06-08,13,723,,
Treatment,2026-06-08,14,723,,
Treatment,2026-06-08,15,723,,
Treatment,2026-06-08,16,723,,
Treatment,2026-06-15,0,731,731.0,1.0
Treatment,2026-06-15,1,731,96.0,0.13132694938440492
Treatment,2026-06-15,2,731,,
Treatment,2026-06-15,3,731,,
Treatment,2026-06-15,4,731,,
Treatment,2026-06-15,5,731,,
Treatment,2026-06-15,6,731,,
Treatment,2026-06-15,7,731,,
Treatment,2026-06-15,8,731,,
Treatment,2026-06-15,9,731,,
Treatment,2026-06-15,10,731,,
Treatment,2026-06-15,11,731,,
Treatment,2026-06-15,12,731,,
Treatment,2026-06-15,13,731,,
Treatment,2026-06-15,14,731,,
Treatment,2026-06-15,15,731,,
Treatment,2026-06-15,16,731,,
Treatment,2026-06-22,0,690,690.0,1.0
Treatment,2026-06-22,1,690,,
Treatment,2026-06-22,2,690,,
Treatment,2026-06-22,3,690,,
Treatment,2026-06-22,4,690,,
Treatment,2026-06-22,5,690,,
Treatment,2026-06-22,6,690,,
Treatment,2026-06-22,7,690,,
Treatment,2026-06-22,8,690,,
Treatment,2026-06-22,9,690,,
Treatment,2026-06-22,10,690,,
Treatment,2026-06-22,11,690,,
Treatment,2026-06-22,12,690,,
Treatment,2026-06-22,13,690,,
Treatment,2026-06-22,14,690,,
Treatment,2026-06-22,15,690,,
Treatment,2026-06-22,16,690,,
Treatment,2026-06-29,0,208,,
Treatment,2026-06-29,1,208,,
Treatment,2026-06-29,2,208,,
Treatment,2026-06-29,3,208,,
Treatment,2026-06-29,4,208,,
Treatment,2026-06-29,5,208,,
Treatment,2026-06-29,6,208,,
Treatment,2026-06-29,7,208,,
Treatment,2026-06-29,8,208,,
Treatment,2026-06-29,9,208,,
Treatment,2026-06-29,10,208,,
Treatment,2026-06-29,11,208,,
Treatment,2026-06-29,12,208,,
Treatment,2026-06-29,13,208,,
Treatment,2026-06-29,14,208,,
Treatment,2026-06-29,15,208,,
Treatment,2026-06-29,16,208,,
