segment_dimension,segment,variant,users,converters,revenue,conversion_rate,revenue_per_user
device,Desktop,Control,6922,470,30776.22,0.06789945102571511,4.446145622652413
device,Desktop,Treatment,6877,538,32552.32,0.0782317871164752,4.73350588919587
device,Mobile,Control,16304,1110,72316.53,0.06808145240431795,4.435508464180569
device,Mobile,Treatment,16327,1350,85704.72,0.08268512280271942,5.249263183683469
device,Tablet,Control,1774,129,9367.33,0.07271702367531004,5.280343855693348
device,Tablet,Treatment,1796,155,9802.93,0.08630289532293986,5.458201559020044
country,Australia,Control,2033,140,9600.22,0.06886374815543532,4.722193802262666
country,Australia,Treatment,1985,169,10556.6,0.08513853904282116,5.318186397984887
country,Canada,Control,2417,155,10117.59,0.06412908564335953,4.18601158460902
country,Canada,Treatment,2506,208,12864.85,0.08300079808459697,5.133619313647246
country,India,Control,12416,853,56903.97,0.06870167525773196,4.583116140463917
country,India,Treatment,12433,1001,63222.22,0.08051154186439315,5.085033378910963
country,UK,Control,3068,196,12465.32,0.06388526727509779,4.063011734028683
country,UK,Treatment,3054,259,16732.79,0.0848068107400131,5.478975114603799
country,USA,Control,5066,365,23372.98,0.07204895380971181,4.613695223055665
country,USA,Treatment,5022,406,24683.51,0.08084428514536042,4.915075667064914
acquisition_channel,Email,Control,3746,270,17249.76,0.07207688200747464,4.60484783769354
acquisition_channel,Email,Treatment,3764,308,19862.96,0.0818278427205101,5.2770882040382565
acquisition_channel,Organic,Control,7570,524,36451.34,0.06922060766182299,4.815236459709379
acquisition_channel,Organic,Treatment,7525,628,38223.22,0.08345514950166114,5.0794976744186044
acquisition_channel,Paid Search,Control,6167,382,24932.59,0.06194259769742176,4.042904167342306
acquisition_channel,Paid Search,Treatment,6192,496,31362.89,0.08010335917312661,5.065066214470284
acquisition_channel,Referral,Control,2526,191,11245.76,0.07561361836896278,4.45200316706255
acquisition_channel,Referral,Treatment,2521,225,13789.96,0.08925029750099167,5.470035700119
acquisition_channel,Social,Control,4991,342,22580.63,0.06852334201562812,4.524269685433781
acquisition_channel,Social,Treatment,4998,386,24820.94,0.07723089235694278,4.966174469787915
