variant,cohort_age_week,eligible_cohorts,average_cohort_retention_pct
Control,0,35,100.0
Control,1,34,11.4316
Control,2,33,11.5277
Control,3,32,11.1702
Control,4,31,11.3253
Control,5,30,10.8041
Control,6,29,10.9166
Control,7,28,11.4139
Control,8,27,10.8609
Control,9,26,10.6306
Control,10,25,10.9995
Control,11,24,10.3342
Control,12,23,10.2032
Control,13,22,9.9523
Control,14,21,9.7436
Control,15,20,10.266
Control,16,19,9.4093
Treatment,0,35,100.0
Treatment,1,34,11.3839
Treatment,2,33,11.3867
Treatment,3,32,11.4106
Treatment,4,31,10.9966
Treatment,5,30,11.3341
Treatment,6,29,10.6433
Treatment,7,28,10.6985
Treatment,8,27,10.8012
Treatment,9,26,10.6323
Treatment,10,25,10.3572
Treatment,11,24,10.4664
Treatment,12,23,10.5564
Treatment,13,22,9.9046
Treatment,14,21,9.5063
Treatment,15,20,9.2958
Treatment,16,19,9.7339
