variant,signup_week,cohort_age_week,cohort_users,retained_users,retention_rate_pct
Control,2025-10-27,0,209,209.0,100.0
Control,2025-10-27,1,209,15.0,7.177
Control,2025-10-27,2,209,23.0,11.0048
Control,2025-10-27,3,209,12.0,5.7416
Control,2025-10-27,4,209,18.0,8.6124
Control,2025-10-27,5,209,9.0,4.3062
Control,2025-10-27,6,209,19.0,9.0909
Control,2025-10-27,7,209,21.0,10.0478
Control,2025-10-27,8,209,20.0,9.5694
Control,2025-10-27,9,209,15.0,7.177
Control,2025-10-27,10,209,13.0,6.2201
Control,2025-10-27,11,209,14.0,6.6986
Control,2025-10-27,12,209,11.0,5.2632
Control,2025-10-27,13,209,10.0,4.7847
Control,2025-10-27,14,209,12.0,5.7416
Control,2025-10-27,15,209,15.0,7.177
Control,2025-10-27,16,209,11.0,5.2632
Control,2025-11-03,0,718,718.0,100.0
Control,2025-11-03,1,718,48.0,6.6852
Control,2025-11-03,2,718,59.0,8.2173
Control,2025-11-03,3,718,50.0,6.9638
Control,2025-11-03,4,718,47.0,6.546
Control,2025-11-03,5,718,56.0,7.7994
Control,2025-11-03,6,718,59.0,8.2173
Control,2025-11-03,7,718,52.0,7.2423
Control,2025-11-03,8,718,48.0,6.6852
Control,2025-11-03,9,718,54.0,7.5209
Control,2025-11-03,10,718,56.0,7.7994
Control,2025-11-03,11,718,53.0,7.3816
Control,2025-11-03,12,718,49.0,6.8245
Control,2025-11-03,13,718,47.0,6.546
Control,2025-11-03,14,718,41.0,5.7103
Control,2025-11-03,15,718,53.0,7.3816
Control,2025-11-03,16,718,56.0,7.7994
Control,2025-11-10,0,734,734.0,100.0
Control,2025-11-10,1,734,40.0,5.4496
Control,2025-11-10,2,734,58.0,7.9019
Control,2025-11-10,3,734,49.0,6.6757
Control,2025-11-10,4,734,55.0,7.4932
Control,2025-11-10,5,734,50.0,6.812
Control,2025-11-10,6,734,48.0,6.5395
Control,2025-11-10,7,734,52.0,7.0845
Control,2025-11-10,8,734,53.0,7.2207
Control,2025-11-10,9,734,54.0,7.3569
Control,2025-11-10,10,734,62.0,8.4469
Control,2025-11-10,11,734,50.0,6.812
Control,2025-11-10,12,734,54.0,7.3569
Control,2025-11-10,13,734,37.0,5.0409
Control,2025-11-10,14,734,59.0,8.0381
Control,2025-11-10,15,734,51.0,6.9482
Control,2025-11-10,16,734,49.0,6.6757
Control,2025-11-17,0,652,652.0,100.0
Control,2025-11-17,1,652,46.0,7.0552
Control,2025-11-17,2,652,48.0,7.362
Control,2025-11-17,3,652,54.0,8.2822
Control,2025-11-17,4,652,40.0,6.135
Control,2025-11-17,5,652,50.0,7.6687
Control,2025-11-17,6,652,53.0,8.1288
Control,2025-11-17,7,652,60.0,9.2025
Control,2025-11-17,8,652,54.0,8.2822
Control,2025-11-17,9,652,45.0,6.9018
Control,2025-11-17,10,652,39.0,5.9816
Control,2025-11-17,11,652,43.0,6.5951
Control,2025-11-17,12,652,53.0,8.1288
Control,2025-11-17,13,652,57.0,8.7423
Control,2025-11-17,14,652,37.0,5.6748
Control,2025-11-17,15,652,55.0,8.4356
Control,2025-11-17,16,652,51.0,7.8221
Control,2025-11-24,0,724,724.0,100.0
Control,2025-11-24,1,724,54.0,7.4586
Control,2025-11-24,2,724,61.0,8.4254
Control,2025-11-24,3,724,50.0,6.9061
Control,2025-11-24,4,724,59.0,8.1492
Control,2025-11-24,5,724,61.0,8.4254
Control,2025-11-24,6,724,51.0,7.0442
Control,2025-11-24,7,724,53.0,7.3204
Control,2025-11-24,8,724,61.0,8.4254
Control,2025-11-24,9,724,56.0,7.7348
Control,2025-11-24,10,724,52.0,7.1823
Control,2025-11-24,11,724,55.0,7.5967
Control,2025-11-24,12,724,55.0,7.5967
Control,2025-11-24,13,724,49.0,6.768
Control,2025-11-24,14,724,44.0,6.0773
Control,2025-11-24,15,724,62.0,8.5635
Control,2025-11-24,16,724,63.0,8.7017
Control,2025-12-01,0,745,745.0,100.0
Control,2025-12-01,1,745,48.0,6.443
Control,2025-12-01,2,745,75.0,10.0671
Control,2025-12-01,3,745,75.0,10.0671
Control,2025-12-01,4,745,54.0,7.2483
Control,2025-12-01,5,745,67.0,8.9933
Control,2025-12-01,6,745,64.0,8.5906
Control,2025-12-01,7,745,53.0,7.1141
Control,2025-12-01,8,745,45.0,6.0403
Control,2025-12-01,9,745,58.0,7.7852
Control,2025-12-01,10,745,76.0,10.2013
Control,2025-12-01,11,745,56.0,7.5168
Control,2025-12-01,12,745,71.0,9.5302
Control,2025-12-01,13,745,63.0,8.4564
Control,2025-12-01,14,745,54.0,7.2483
Control,2025-12-01,15,745,67.0,8.9933
Control,2025-12-01,16,745,66.0,8.8591
Control,2025-12-08,0,761,761.0,100.0
Control,2025-12-08,1,761,62.0,8.1472
Control,2025-12-08,2,761,58.0,7.6216
Control,2025-12-08,3,761,59.0,7.753
Control,2025-12-08,4,761,58.0,7.6216
Control,2025-12-08,5,761,65.0,8.5414
Control,2025-12-08,6,761,63.0,8.2786
Control,2025-12-08,7,761,73.0,9.5926
Control,2025-12-08,8,761,62.0,8.1472
Control,2025-12-08,9,761,70.0,9.1984
Control,2025-12-08,10,761,56.0,7.3587
Control,2025-12-08,11,761,78.0,10.2497
Control,2025-12-08,12,761,46.0,6.0447
Control,2025-12-08,13,761,56.0,7.3587
Control,2025-12-08,14,761,61.0,8.0158
Control,2025-12-08,15,761,71.0,9.3298
Control,2025-12-08,16,761,58.0,7.6216
Control,2025-12-15,0,713,713.0,100.0
Control,2025-12-15,1,713,60.0,8.4151
Control,2025-12-15,2,713,51.0,7.1529
Control,2025-12-15,3,713,70.0,9.8177
Control,2025-12-15,4,713,60.0,8.4151
Control,2025-12-15,5,713,63.0,8.8359
Control,2025-12-15,6,713,73.0,10.2384
Control,2025-12-15,7,713,58.0,8.1346
Control,2025-12-15,8,713,73.0,10.2384
Control,2025-12-15,9,713,63.0,8.8359
Control,2025-12-15,10,713,62.0,8.6957
Control,2025-12-15,11,713,69.0,9.6774
Control,2025-12-15,12,713,72.0,10.0982
Control,2025-12-15,13,713,58.0,8.1346
Control,2025-12-15,14,713,65.0,9.1164
Control,2025-12-15,15,713,73.0,10.2384
Control,2025-12-15,16,713,56.0,7.8541
Control,2025-12-22,0,723,723.0,100.0
Control,2025-12-22,1,723,54.0,7.4689
Control,2025-12-22,2,723,74.0,10.2351
Control,2025-12-22,3,723,66.0,9.1286
Control,2025-12-22,4,723,74.0,10.2351
Control,2025-12-22,5,723,57.0,7.8838
Control,2025-12-22,6,723,50.0,6.9156
Control,2025-12-22,7,723,64.0,8.852
Control,2025-12-22,8,723,71.0,9.8202
Control,2025-12-22,9,723,59.0,8.1604
Control,2025-12-22,10,723,61.0,8.4371
Control,2025-12-22,11,723,65.0,8.9903
Control,2025-12-22,12,723,67.0,9.2669
Control,2025-12-22,13,723,61.0,8.4371
Control,2025-12-22,14,723,73.0,10.0968
Control,2025-12-22,15,723,71.0,9.8202
Control,2025-12-22,16,723,63.0,8.7137
Control,2025-12-29,0,787,787.0,100.0
Control,2025-12-29,1,787,68.0,8.6404
Control,2025-12-29,2,787,77.0,9.784
Control,2025-12-29,3,787,71.0,9.0216
Control,2025-12-29,4,787,79.0,10.0381
Control,2025-12-29,5,787,68.0,8.6404
Control,2025-12-29,6,787,73.0,9.2757
Control,2025-12-29,7,787,79.0,10.0381
Control,2025-12-29,8,787,80.0,10.1652
Control,2025-12-29,9,787,80.0,10.1652
Control,2025-12-29,10,787,64.0,8.1321
Control,2025-12-29,11,787,68.0,8.6404
Control,2025-12-29,12,787,73.0,9.2757
Control,2025-12-29,13,787,63.0,8.0051
Control,2025-12-29,14,787,67.0,8.5133
Control,2025-12-29,15,787,74.0,9.4028
Control,2025-12-29,16,787,73.0,9.2757
Control,2026-01-05,0,738,738.0,100.0
Control,2026-01-05,1,738,69.0,9.3496
Control,2026-01-05,2,738,73.0,9.8916
Control,2026-01-05,3,738,71.0,9.6206
Control,2026-01-05,4,738,66.0,8.9431
Control,2026-01-05,5,738,64.0,8.6721
Control,2026-01-05,6,738,81.0,10.9756
Control,2026-01-05,7,738,84.0,11.3821
Control,2026-01-05,8,738,68.0,9.2141
Control,2026-01-05,9,738,73.0,9.8916
Control,2026-01-05,10,738,67.0,9.0786
Control,2026-01-05,11,738,68.0,9.2141
Control,2026-01-05,12,738,59.0,7.9946
Control,2026-01-05,13,738,66.0,8.9431
Control,2026-01-05,14,738,74.0,10.0271
Control,2026-01-05,15,738,66.0,8.9431
Control,2026-01-05,16,738,65.0,8.8076
Control,2026-01-12,0,721,721.0,100.0
Control,2026-01-12,1,721,61.0,8.4605
Control,2026-01-12,2,721,71.0,9.8474
Control,2026-01-12,3,721,52.0,7.2122
Control,2026-01-12,4,721,69.0,9.57
Control,2026-01-12,5,721,72.0,9.9861
Control,2026-01-12,6,721,75.0,10.4022
Control,2026-01-12,7,721,70.0,9.7087
Control,2026-01-12,8,721,71.0,9.8474
Control,2026-01-12,9,721,65.0,9.0153
Control,2026-01-12,10,721,69.0,9.57
Control,2026-01-12,11,721,71.0,9.8474
Control,2026-01-12,12,721,76.0,10.5409
Control,2026-01-12,13,721,74.0,10.2635
Control,2026-01-12,14,721,76.0,10.5409
Control,2026-01-12,15,721,77.0,10.6796
Control,2026-01-12,16,721,76.0,10.5409
Control,2026-01-19,0,737,737.0,100.0
Control,2026-01-19,1,737,71.0,9.6336
Control,2026-01-19,2,737,80.0,10.8548
Control,2026-01-19,3,737,74.0,10.0407
Control,2026-01-19,4,737,73.0,9.905
Control,2026-01-19,5,737,73.0,9.905
Control,2026-01-19,6,737,89.0,12.076
Control,2026-01-19,7,737,73.0,9.905
Control,2026-01-19,8,737,81.0,10.9905
Control,2026-01-19,9,737,79.0,10.7191
Control,2026-01-19,10,737,86.0,11.6689
Control,2026-01-19,11,737,78.0,10.5834
Control,2026-01-19,12,737,78.0,10.5834
Control,2026-01-19,13,737,78.0,10.5834
Control,2026-01-19,14,737,98.0,13.2972
Control,2026-01-19,15,737,74.0,10.0407
Control,2026-01-19,16,737,82.0,11.1262
Control,2026-01-26,0,678,678.0,100.0
Control,2026-01-26,1,678,89.0,13.1268
Control,2026-01-26,2,678,67.0,9.882
Control,2026-01-26,3,678,82.0,12.0944
Control,2026-01-26,4,678,91.0,13.4218
Control,2026-01-26,5,678,70.0,10.3245
Control,2026-01-26,6,678,66.0,9.7345
Control,2026-01-26,7,678,69.0,10.177
Control,2026-01-26,8,678,83.0,12.2419
Control,2026-01-26,9,678,76.0,11.2094
Control,2026-01-26,10,678,55.0,8.1121
Control,2026-01-26,11,678,68.0,10.0295
Control,2026-01-26,12,678,68.0,10.0295
Control,2026-01-26,13,678,73.0,10.767
Control,2026-01-26,14,678,68.0,10.0295
Control,2026-01-26,15,678,76.0,11.2094
Control,2026-01-26,16,678,70.0,10.3245
Control,2026-02-02,0,718,718.0,100.0
Control,2026-02-02,1,718,82.0,11.4206
Control,2026-02-02,2,718,79.0,11.0028
Control,2026-02-02,3,718,82.0,11.4206
Control,2026-02-02,4,718,94.0,13.0919
Control,2026-02-02,5,718,71.0,9.8886
Control,2026-02-02,6,718,75.0,10.4457
Control,2026-02-02,7,718,84.0,11.6992
Control,2026-02-02,8,718,75.0,10.4457
Control,2026-02-02,9,718,82.0,11.4206
Control,2026-02-02,10,718,94.0,13.0919
Control,2026-02-02,11,718,82.0,11.4206
Control,2026-02-02,12,718,85.0,11.8384
Control,2026-02-02,13,718,82.0,11.4206
Control,2026-02-02,14,718,90.0,12.5348
Control,2026-02-02,15,718,82.0,11.4206
Control,2026-02-02,16,718,81.0,11.2813
Control,2026-02-09,0,741,741.0,100.0
Control,2026-02-09,1,741,97.0,13.0904
Control,2026-02-09,2,741,95.0,12.8205
Control,2026-02-09,3,741,93.0,12.5506
Control,2026-02-09,4,741,95.0,12.8205
Control,2026-02-09,5,741,89.0,12.0108
Control,2026-02-09,6,741,83.0,11.2011
Control,2026-02-09,7,741,98.0,13.2254
Control,2026-02-09,8,741,89.0,12.0108
Control,2026-02-09,9,741,88.0,11.8758
Control,2026-02-09,10,741,88.0,11.8758
Control,2026-02-09,11,741,84.0,11.336
Control,2026-02-09,12,741,105.0,14.17
Control,2026-02-09,13,741,84.0,11.336
Control,2026-02-09,14,741,86.0,11.6059
Control,2026-02-09,15,741,78.0,10.5263
Control,2026-02-09,16,741,88.0,11.8758
Control,2026-02-16,0,678,678.0,100.0
Control,2026-02-16,1,678,75.0,11.0619
Control,2026-02-16,2,678,84.0,12.3894
Control,2026-02-16,3,678,92.0,13.5693
Control,2026-02-16,4,678,83.0,12.2419
Control,2026-02-16,5,678,90.0,13.2743
Control,2026-02-16,6,678,84.0,12.3894
Control,2026-02-16,7,678,100.0,14.7493
Control,2026-02-16,8,678,89.0,13.1268
Control,2026-02-16,9,678,99.0,14.6018
Control,2026-02-16,10,678,90.0,13.2743
Control,2026-02-16,11,678,88.0,12.9794
Control,2026-02-16,12,678,79.0,11.6519
Control,2026-02-16,13,678,78.0,11.5044
Control,2026-02-16,14,678,71.0,10.472
Control,2026-02-16,15,678,75.0,11.0619
Control,2026-02-16,16,678,84.0,12.3894
Control,2026-02-23,0,684,684.0,100.0
Control,2026-02-23,1,684,112.0,16.3743
Control,2026-02-23,2,684,90.0,13.1579
Control,2026-02-23,3,684,94.0,13.7427
Control,2026-02-23,4,684,90.0,13.1579
Control,2026-02-23,5,684,91.0,13.3041
Control,2026-02-23,6,684,75.0,10.9649
Control,2026-02-23,7,684,92.0,13.4503
Control,2026-02-23,8,684,75.0,10.9649
Control,2026-02-23,9,684,88.0,12.8655
Control,2026-02-23,10,684,99.0,14.4737
Control,2026-02-23,11,684,82.0,11.9883
Control,2026-02-23,12,684,72.0,10.5263
Control,2026-02-23,13,684,98.0,14.3275
Control,2026-02-23,14,684,88.0,12.8655
Control,2026-02-23,15,684,98.0,14.3275
Control,2026-02-23,16,684,85.0,12.4269
Control,2026-03-02,0,762,762.0,100.0
Control,2026-03-02,1,762,115.0,15.0919
Control,2026-03-02,2,762,81.0,10.6299
Control,2026-03-02,3,762,97.0,12.7297
Control,2026-03-02,4,762,119.0,15.6168
Control,2026-03-02,5,762,101.0,13.2546
Control,2026-03-02,6,762,109.0,14.3045
Control,2026-03-02,7,762,97.0,12.7297
Control,2026-03-02,8,762,108.0,14.1732
Control,2026-03-02,9,762,105.0,13.7795
Control,2026-03-02,10,762,125.0,16.4042
Control,2026-03-02,11,762,107.0,14.042
Control,2026-03-02,12,762,77.0,10.105
Control,2026-03-02,13,762,127.0,16.6667
Control,2026-03-02,14,762,100.0,13.1234
Control,2026-03-02,15,762,126.0,16.5354
Control,2026-03-02,16,762,87.0,11.4173
Control,2026-03-09,0,714,714.0,100.0
Control,2026-03-09,1,714,97.0,13.5854
Control,2026-03-09,2,714,107.0,14.986
Control,2026-03-09,3,714,91.0,12.7451
Control,2026-03-09,4,714,77.0,10.7843
Control,2026-03-09,5,714,106.0,14.8459
Control,2026-03-09,6,714,84.0,11.7647
Control,2026-03-09,7,714,107.0,14.986
Control,2026-03-09,8,714,108.0,15.1261
Control,2026-03-09,9,714,97.0,13.5854
Control,2026-03-09,10,714,106.0,14.8459
Control,2026-03-09,11,714,96.0,13.4454
Control,2026-03-09,12,714,93.0,13.0252
Control,2026-03-09,13,714,90.0,12.605
Control,2026-03-09,14,714,97.0,13.5854
Control,2026-03-09,15,714,102.0,14.2857
Control,2026-03-09,16,714,,
Control,2026-03-16,0,691,691.0,100.0
Control,2026-03-16,1,691,92.0,13.314
Control,2026-03-16,2,691,101.0,14.6165
Control,2026-03-16,3,691,90.0,13.0246
Control,2026-03-16,4,691,96.0,13.8929
Control,2026-03-16,5,691,92.0,13.314
Control,2026-03-16,6,691,86.0,12.4457
Control,2026-03-16,7,691,92.0,13.314
Control,2026-03-16,8,691,89.0,12.8799
Control,2026-03-16,9,691,92.0,13.314
Control,2026-03-16,10,691,94.0,13.6035
Control,2026-03-16,11,691,79.0,11.4327
Control,2026-03-16,12,691,97.0,14.0376
Control,2026-03-16,13,691,92.0,13.314
Control,2026-03-16,14,691,85.0,12.301
Control,2026-03-16,15,691,,
Control,2026-03-16,16,691,,
Control,2026-03-23,0,736,736.0,100.0
Control,2026-03-23,1,736,108.0,14.6739
Control,2026-03-23,2,736,97.0,13.1793
Control,2026-03-23,3,736,109.0,14.8098
Control,2026-03-23,4,736,110.0,14.9457
Control,2026-03-23,5,736,104.0,14.1304
Control,2026-03-23,6,736,98.0,13.3152
Control,2026-03-23,7,736,87.0,11.8207
Control,2026-03-23,8,736,114.0,15.4891
Control,2026-03-23,9,736,70.0,9.5109
Control,2026-03-23,10,736,115.0,15.625
Control,2026-03-23,11,736,112.0,15.2174
Control,2026-03-23,12,736,124.0,16.8478
Control,2026-03-23,13,736,110.0,14.9457
Control,2026-03-23,14,736,,
Control,2026-03-23,15,736,,
Control,2026-03-23,16,736,,
Control,2026-03-30,0,739,739.0,100.0
Control,2026-03-30,1,739,94.0,12.7199
Control,2026-03-30,2,739,108.0,14.6143
Control,2026-03-30,3,739,82.0,11.0961
Control,2026-03-30,4,739,87.0,11.7727
Control,2026-03-30,5,739,81.0,10.9608
Control,2026-03-30,6,739,91.0,12.3139
Control,2026-03-30,7,739,133.0,17.9973
Control,2026-03-30,8,739,88.0,11.908
Control,2026-03-30,9,739,78.0,10.5548
Control,2026-03-30,10,739,126.0,17.0501
Control,2026-03-30,11,739,101.0,13.6671
Control,2026-03-30,12,739,103.0,13.9378
Control,2026-03-30,13,739,,
Control,2026-03-30,14,739,,
Control,2026-03-30,15,739,,
Control,2026-03-30,16,739,,
Control,2026-04-06,0,711,711.0,100.0
Control,2026-04-06,1,711,96.0,13.5021
Control,2026-04-06,2,711,87.0,12.2363
Control,2026-04-06,3,711,87.0,12.2363
Control,2026-04-06,4,711,90.0,12.6582
Control,2026-04-06,5,711,75.0,10.5485
Control,2026-04-06,6,711,104.0,14.6273
Control,2026-04-06,7,711,106.0,14.9086
Control,2026-04-06,8,711,97.0,13.6428
Control,2026-04-06,9,711,104.0,14.6273
Control,2026-04-06,10,711,98.0,13.7834
Control,2026-04-06,11,711,90.0,12.6582
Control,2026-04-06,12,711,,
Control,2026-04-06,13,711,,
Control,2026-04-06,14,711,,
Control,2026-04-06,15,711,,
Control,2026-04-06,16,711,,
Control,2026-04-13,0,675,675.0,100.0
Control,2026-04-13,1,675,88.0,13.037
Control,2026-04-13,2,675,76.0,11.2593
Control,2026-04-13,3,675,96.0,14.2222
Control,2026-04-13,4,675,102.0,15.1111
Control,2026-04-13,5,675,76.0,11.2593
Control,2026-04-13,6,675,97.0,14.3704
Control,2026-04-13,7,675,90.0,13.3333
Control,2026-04-13,8,675,82.0,12.1481
Control,2026-04-13,9,675,102.0,15.1111
Control,2026-04-13,10,675,95.0,14.0741
Control,2026-04-13,11,675,,
Control,2026-04-13,12,675,,
Control,2026-04-13,13,675,,
Control,2026-04-13,14,675,,
Control,2026-04-13,15,675,,
Control,2026-04-13,16,675,,
Control,2026-04-20,0,742,742.0,100.0
Control,2026-04-20,1,742,94.0,12.6685
Control,2026-04-20,2,742,113.0,15.2291
Control,2026-04-20,3,742,92.0,12.3989
Control,2026-04-20,4,742,115.0,15.4987
Control,2026-04-20,5,742,95.0,12.8032
Control,2026-04-20,6,742,108.0,14.5553
Control,2026-04-20,7,742,125.0,16.8464
Control,2026-04-20,8,742,94.0,12.6685
Control,2026-04-20,9,742,100.0,13.4771
Control,2026-04-20,10,742,,
Control,2026-04-20,11,742,,
Control,2026-04-20,12,742,,
Control,2026-04-20,13,742,,
Control,2026-04-20,14,742,,
Control,2026-04-20,15,742,,
Control,2026-04-20,16,742,,
Control,2026-04-27,0,722,722.0,100.0
Control,2026-04-27,1,722,105.0,14.5429
Control,2026-04-27,2,722,106.0,14.6814
Control,2026-04-27,3,722,92.0,12.7424
Control,2026-04-27,4,722,87.0,12.0499
Control,2026-04-27,5,722,100.0,13.8504
Control,2026-04-27,6,722,77.0,10.6648
Control,2026-04-27,7,722,89.0,12.3269
Control,2026-04-27,8,722,85.0,11.7729
Control,2026-04-27,9,722,,
Control,2026-04-27,10,722,,
Control,2026-04-27,11,722,,
Control,2026-04-27,12,722,,
Control,2026-04-27,13,722,,
Control,2026-04-27,14,722,,
Control,2026-04-27,15,722,,
Control,2026-04-27,16,722,,
Control,2026-05-04,0,758,758.0,100.0
Control,2026-05-04,1,758,97.0,12.7968
Control,2026-05-04,2,758,102.0,13.4565
Control,2026-05-04,3,758,106.0,13.9842
Control,2026-05-04,4,758,96.0,12.6649
Control,2026-05-04,5,758,117.0,15.4354
Control,2026-05-04,6,758,95.0,12.533
Control,2026-05-04,7,758,94.0,12.4011
Control,2026-05-04,8,758,,
Control,2026-05-04,9,758,,
Control,2026-05-04,10,758,,
Control,2026-05-04,11,758,,
Control,2026-05-04,12,758,,
Control,2026-05-04,13,758,,
Control,2026-05-04,14,758,,
Control,2026-05-04,15,758,,
Control,2026-05-04,16,758,,
Control,2026-05-11,0,738,738.0,100.0
Control,2026-05-11,1,738,107.0,14.4986
Control,2026-05-11,2,738,97.0,13.1436
Control,2026-05-11,3,738,96.0,13.0081
Control,2026-05-11,4,738,108.0,14.6341
Control,2026-05-11,5,738,98.0,13.2791
Control,2026-05-11,6,738,112.0,15.1762
Control,2026-05-11,7,738,,
Control,2026-05-11,8,738,,
Control,2026-05-11,9,738,,
Control,2026-05-11,10,738,,
Control,2026-05-11,11,738,,
Control,2026-05-11,12,738,,
Control,2026-05-11,13,738,,
Control,2026-05-11,14,738,,
Control,2026-05-11,15,738,,
Control,2026-05-11,16,738,,
Control,2026-05-18,0,712,712.0,100.0
Control,2026-05-18,1,712,96.0,13.4831
Control,2026-05-18,2,712,105.0,14.7472
Control,2026-05-18,3,712,113.0,15.8708
Control,2026-05-18,4,712,87.0,12.2191
Control,2026-05-18,5,712,108.0,15.1685
Control,2026-05-18,6,712,,
Control,2026-05-18,7,712,,
Control,2026-05-18,8,712,,
Control,2026-05-18,9,712,,
Control,2026-05-18,10,712,,
Control,2026-05-18,11,712,,
Control,2026-05-18,12,712,,
Control,2026-05-18,13,712,,
Control,2026-05-18,14,712,,
Control,2026-05-18,15,712,,
Control,2026-05-18,16,712,,
Control,2026-05-25,0,712,712.0,100.0
Control,2026-05-25,1,712,104.0,14.6067
Control,2026-05-25,2,712,93.0,13.0618
Control,2026-05-25,3,712,98.0,13.764
Control,2026-05-25,4,712,111.0,15.5899
Control,2026-05-25,5,712,,
Control,2026-05-25,6,712,,
Control,2026-05-25,7,712,,
Control,2026-05-25,8,712,,
Control,2026-05-25,9,712,,
Control,2026-05-25,10,712,,
Control,2026-05-25,11,712,,
Control,2026-05-25,12,712,,
Control,2026-05-25,13,712,,
Control,2026-05-25,14,712,,
Control,2026-05-25,15,712,,
Control,2026-05-25,16,712,,
Control,2026-06-01,0,704,704.0,100.0
Control,2026-06-01,1,704,102.0,14.4886
Control,2026-06-01,2,704,82.0,11.6477
Control,2026-06-01,3,704,100.0,14.2045
Control,2026-06-01,4,704,,
Control,2026-06-01,5,704,,
Control,2026-06-01,6,704,,
Control,2026-06-01,7,704,,
Control,2026-06-01,8,704,,
Control,2026-06-01,9,704,,
Control,2026-06-01,10,704,,
Control,2026-06-01,11,704,,
Control,2026-06-01,12,704,,
Control,2026-06-01,13,704,,
Control,2026-06-01,14,704,,
Control,2026-06-01,15,704,,
Control,2026-06-01,16,704,,
Control,2026-06-08,0,699,699.0,100.0
Control,2026-06-08,1,699,99.0,14.1631
Control,2026-06-08,2,699,107.0,15.3076
Control,2026-06-08,3,699,,
Control,2026-06-08,4,699,,
Control,2026-06-08,5,699,,
Control,2026-06-08,6,699,,
Control,2026-06-08,7,699,,
Control,2026-06-08,8,699,,
Control,2026-06-08,9,699,,
Control,2026-06-08,10,699,,
Control,2026-06-08,11,699,,
Control,2026-06-08,12,699,,
Control,2026-06-08,13,699,,
Control,2026-06-08,14,699,,
Control,2026-06-08,15,699,,
Control,2026-06-08,16,699,,
Control,2026-06-15,0,723,723.0,100.0
Control,2026-06-15,1,723,116.0,16.0443
Control,2026-06-15,2,723,,
Control,2026-06-15,3,723,,
Control,2026-06-15,4,723,,
Control,2026-06-15,5,723,,
Control,2026-06-15,6,723,,
Control,2026-06-15,7,723,,
Control,2026-06-15,8,723,,
Control,2026-06-15,9,723,,
Control,2026-06-15,10,723,,
Control,2026-06-15,11,723,,
Control,2026-06-15,12,723,,
Control,2026-06-15,13,723,,
Control,2026-06-15,14,723,,
Control,2026-06-15,15,723,,
Control,2026-06-15,16,723,,
Control,2026-06-22,0,750,750.0,100.0
Control,2026-06-22,1,750,,
Control,2026-06-22,2,750,,
Control,2026-06-22,3,750,,
Control,2026-06-22,4,750,,
Control,2026-06-22,5,750,,
Control,2026-06-22,6,750,,
Control,2026-06-22,7,750,,
Control,2026-06-22,8,750,,
Control,2026-06-22,9,750,,
Control,2026-06-22,10,750,,
Control,2026-06-22,11,750,,
Control,2026-06-22,12,750,,
Control,2026-06-22,13,750,,
Control,2026-06-22,14,750,,
Control,2026-06-22,15,750,,
Control,2026-06-22,16,750,,
Control,2026-06-29,0,251,,
Control,2026-06-29,1,251,,
Control,2026-06-29,2,251,,
Control,2026-06-29,3,251,,
Control,2026-06-29,4,251,,
Control,2026-06-29,5,251,,
Control,2026-06-29,6,251,,
Control,2026-06-29,7,251,,
Control,2026-06-29,8,251,,
Control,2026-06-29,9,251,,
Control,2026-06-29,10,251,,
Control,2026-06-29,11,251,,
Control,2026-06-29,12,251,,
Control,2026-06-29,13,251,,
Control,2026-06-29,14,251,,
Control,2026-06-29,15,251,,
Control,2026-06-29,16,251,,
Treatment,2025-10-27,0,221,221.0,100.0
Treatment,2025-10-27,1,221,15.0,6.7873
Treatment,2025-10-27,2,221,17.0,7.6923
Treatment,2025-10-27,3,221,15.0,6.7873
Treatment,2025-10-27,4,221,18.0,8.1448
Treatment,2025-10-27,5,221,18.0,8.1448
Treatment,2025-10-27,6,221,9.0,4.0724
Treatment,2025-10-27,7,221,14.0,6.3348
Treatment,2025-10-27,8,221,21.0,9.5023
Treatment,2025-10-27,9,221,22.0,9.9548
Treatment,2025-10-27,10,221,14.0,6.3348
Treatment,2025-10-27,11,221,11.0,4.9774
Treatment,2025-10-27,12,221,16.0,7.2398
Treatment,2025-10-27,13,221,10.0,4.5249
Treatment,2025-10-27,14,221,14.0,6.3348
Treatment,2025-10-27,15,221,14.0,6.3348
Treatment,2025-10-27,16,221,19.0,8.5973
Treatment,2025-11-03,0,757,757.0,100.0
Treatment,2025-11-03,1,757,56.0,7.3976
Treatment,2025-11-03,2,757,55.0,7.2655
Treatment,2025-11-03,3,757,42.0,5.5482
Treatment,2025-11-03,4,757,51.0,6.7371
Treatment,2025-11-03,5,757,56.0,7.3976
Treatment,2025-11-03,6,757,60.0,7.926
Treatment,2025-11-03,7,757,39.0,5.1519
Treatment,2025-11-03,8,757,45.0,5.9445
Treatment,2025-11-03,9,757,62.0,8.1902
Treatment,2025-11-03,10,757,49.0,6.4729
Treatment,2025-11-03,11,757,51.0,6.7371
Treatment,2025-11-03,12,757,55.0,7.2655
Treatment,2025-11-03,13,757,44.0,5.8124
Treatment,2025-11-03,14,757,62.0,8.1902
Treatment,2025-11-03,15,757,57.0,7.5297
Treatment,2025-11-03,16,757,53.0,7.0013
Treatment,2025-11-10,0,711,711.0,100.0
Treatment,2025-11-10,1,711,54.0,7.5949
Treatment,2025-11-10,2,711,50.0,7.0323
Treatment,2025-11-10,3,711,48.0,6.7511
Treatment,2025-11-10,4,711,42.0,5.9072
Treatment,2025-11-10,5,711,50.0,7.0323
Treatment,2025-11-10,6,711,61.0,8.5795
Treatment,2025-11-10,7,711,38.0,5.3446
Treatment,2025-11-10,8,711,54.0,7.5949
Treatment,2025-11-10,9,711,49.0,6.8917
Treatment,2025-11-10,10,711,52.0,7.3136
Treatment,2025-11-10,11,711,47.0,6.6104
Treatment,2025-11-10,12,711,48.0,6.7511
Treatment,2025-11-10,13,711,59.0,8.2982
Treatment,2025-11-10,14,711,46.0,6.4698
Treatment,2025-11-10,15,711,37.0,5.2039
Treatment,2025-11-10,16,711,61.0,8.5795
Treatment,2025-11-17,0,741,741.0,100.0
Treatment,2025-11-17,1,741,44.0,5.9379
Treatment,2025-11-17,2,741,50.0,6.7476
Treatment,2025-11-17,3,741,66.0,8.9069
Treatment,2025-11-17,4,741,51.0,6.8826
Treatment,2025-11-17,5,741,51.0,6.8826
Treatment,2025-11-17,6,741,49.0,6.6127
Treatment,2025-11-17,7,741,53.0,7.1525
Treatment,2025-11-17,8,741,54.0,7.2874
Treatment,2025-11-17,9,741,56.0,7.5574
Treatment,2025-11-17,10,741,50.0,6.7476
Treatment,2025-11-17,11,741,50.0,6.7476
Treatment,2025-11-17,12,741,69.0,9.3117
Treatment,2025-11-17,13,741,55.0,7.4224
Treatment,2025-11-17,14,741,59.0,7.9622
Treatment,2025-11-17,15,741,52.0,7.0175
Treatment,2025-11-17,16,741,47.0,6.3428
Treatment,2025-11-24,0,732,732.0,100.0
Treatment,2025-11-24,1,732,63.0,8.6066
Treatment,2025-11-24,2,732,56.0,7.6503
Treatment,2025-11-24,3,732,61.0,8.3333
Treatment,2025-11-24,4,732,36.0,4.918
Treatment,2025-11-24,5,732,54.0,7.377
Treatment,2025-11-24,6,732,40.0,5.4645
Treatment,2025-11-24,7,732,55.0,7.5137
Treatment,2025-11-24,8,732,56.0,7.6503
Treatment,2025-11-24,9,732,51.0,6.9672
Treatment,2025-11-24,10,732,41.0,5.6011
Treatment,2025-11-24,11,732,52.0,7.1038
Treatment,2025-11-24,12,732,63.0,8.6066
Treatment,2025-11-24,13,732,61.0,8.3333
Treatment,2025-11-24,14,732,47.0,6.4208
Treatment,2025-11-24,15,732,47.0,6.4208
Treatment,2025-11-24,16,732,63.0,8.6066
Treatment,2025-12-01,0,720,720.0,100.0
Treatment,2025-12-01,1,720,73.0,10.1389
Treatment,2025-12-01,2,720,59.0,8.1944
Treatment,2025-12-01,3,720,65.0,9.0278
Treatment,2025-12-01,4,720,56.0,7.7778
Treatment,2025-12-01,5,720,57.0,7.9167
Treatment,2025-12-01,6,720,49.0,6.8056
Treatment,2025-12-01,7,720,69.0,9.5833
Treatment,2025-12-01,8,720,48.0,6.6667
Treatment,2025-12-01,9,720,60.0,8.3333
Treatment,2025-12-01,10,720,55.0,7.6389
Treatment,2025-12-01,11,720,65.0,9.0278
Treatment,2025-12-01,12,720,54.0,7.5
Treatment,2025-12-01,13,720,66.0,9.1667
Treatment,2025-12-01,14,720,56.0,7.7778
Treatment,2025-12-01,15,720,54.0,7.5
Treatment,2025-12-01,16,720,60.0,8.3333
Treatment,2025-12-08,0,730,730.0,100.0
Treatment,2025-12-08,1,730,57.0,7.8082
Treatment,2025-12-08,2,730,73.0,10.0
Treatment,2025-12-08,3,730,53.0,7.2603
Treatment,2025-12-08,4,730,60.0,8.2192
Treatment,2025-12-08,5,730,51.0,6.9863
Treatment,2025-12-08,6,730,43.0,5.8904
Treatment,2025-12-08,7,730,58.0,7.9452
Treatment,2025-12-08,8,730,63.0,8.6301
Treatment,2025-12-08,9,730,55.0,7.5342
Treatment,2025-12-08,10,730,72.0,9.863
Treatment,2025-12-08,11,730,54.0,7.3973
Treatment,2025-12-08,12,730,63.0,8.6301
Treatment,2025-12-08,13,730,58.0,7.9452
Treatment,2025-12-08,14,730,62.0,8.4932
Treatment,2025-12-08,15,730,63.0,8.6301
Treatment,2025-12-08,16,730,50.0,6.8493
Treatment,2025-12-15,0,698,698.0,100.0
Treatment,2025-12-15,1,698,69.0,9.8854
Treatment,2025-12-15,2,698,69.0,9.8854
Treatment,2025-12-15,3,698,65.0,9.3123
Treatment,2025-12-15,4,698,66.0,9.4556
Treatment,2025-12-15,5,698,59.0,8.4527
Treatment,2025-12-15,6,698,61.0,8.7393
Treatment,2025-12-15,7,698,47.0,6.7335
Treatment,2025-12-15,8,698,71.0,10.1719
Treatment,2025-12-15,9,698,55.0,7.8797
Treatment,2025-12-15,10,698,60.0,8.596
Treatment,2025-12-15,11,698,65.0,9.3123
Treatment,2025-12-15,12,698,61.0,8.7393
Treatment,2025-12-15,13,698,42.0,6.0172
Treatment,2025-12-15,14,698,69.0,9.8854
Treatment,2025-12-15,15,698,64.0,9.1691
Treatment,2025-12-15,16,698,62.0,8.8825
Treatment,2025-12-22,0,735,735.0,100.0
Treatment,2025-12-22,1,735,61.0,8.2993
Treatment,2025-12-22,2,735,81.0,11.0204
Treatment,2025-12-22,3,735,70.0,9.5238
Treatment,2025-12-22,4,735,78.0,10.6122
Treatment,2025-12-22,5,735,71.0,9.6599
Treatment,2025-12-22,6,735,68.0,9.2517
Treatment,2025-12-22,7,735,57.0,7.7551
Treatment,2025-12-22,8,735,67.0,9.1156
Treatment,2025-12-22,9,735,54.0,7.3469
Treatment,2025-12-22,10,735,52.0,7.0748
Treatment,2025-12-22,11,735,57.0,7.7551
Treatment,2025-12-22,12,735,59.0,8.0272
Treatment,2025-12-22,13,735,65.0,8.8435
Treatment,2025-12-22,14,735,68.0,9.2517
Treatment,2025-12-22,15,735,75.0,10.2041
Treatment,2025-12-22,16,735,58.0,7.8912
Treatment,2025-12-29,0,696,696.0,100.0
Treatment,2025-12-29,1,696,67.0,9.6264
Treatment,2025-12-29,2,696,70.0,10.0575
Treatment,2025-12-29,3,696,58.0,8.3333
Treatment,2025-12-29,4,696,62.0,8.908
Treatment,2025-12-29,5,696,65.0,9.3391
Treatment,2025-12-29,6,696,55.0,7.9023
Treatment,2025-12-29,7,696,66.0,9.4828
Treatment,2025-12-29,8,696,75.0,10.7759
Treatment,2025-12-29,9,696,55.0,7.9023
Treatment,2025-12-29,10,696,61.0,8.7644
Treatment,2025-12-29,11,696,73.0,10.4885
Treatment,2025-12-29,12,696,72.0,10.3448
Treatment,2025-12-29,13,696,69.0,9.9138
Treatment,2025-12-29,14,696,51.0,7.3276
Treatment,2025-12-29,15,696,56.0,8.046
Treatment,2025-12-29,16,696,59.0,8.477
Treatment,2026-01-05,0,702,702.0,100.0
Treatment,2026-01-05,1,702,65.0,9.2593
Treatment,2026-01-05,2,702,73.0,10.3989
Treatment,2026-01-05,3,702,88.0,12.5356
Treatment,2026-01-05,4,702,60.0,8.547
Treatment,2026-01-05,5,702,76.0,10.8262
Treatment,2026-01-05,6,702,75.0,10.6838
Treatment,2026-01-05,7,702,63.0,8.9744
Treatment,2026-01-05,8,702,70.0,9.9715
Treatment,2026-01-05,9,702,58.0,8.2621
Treatment,2026-01-05,10,702,73.0,10.3989
Treatment,2026-01-05,11,702,78.0,11.1111
Treatment,2026-01-05,12,702,60.0,8.547
Treatment,2026-01-05,13,702,62.0,8.8319
Treatment,2026-01-05,14,702,60.0,8.547
Treatment,2026-01-05,15,702,74.0,10.5413
Treatment,2026-01-05,16,702,73.0,10.3989
Treatment,2026-01-12,0,739,739.0,100.0
Treatment,2026-01-12,1,739,53.0,7.1719
Treatment,2026-01-12,2,739,71.0,9.6076
Treatment,2026-01-12,3,739,96.0,12.9905
Treatment,2026-01-12,4,739,84.0,11.3667
Treatment,2026-01-12,5,739,62.0,8.3897
Treatment,2026-01-12,6,739,70.0,9.4723
Treatment,2026-01-12,7,739,72.0,9.7429
Treatment,2026-01-12,8,739,64.0,8.6604
Treatment,2026-01-12,9,739,74.0,10.0135
Treatment,2026-01-12,10,739,76.0,10.2842
Treatment,2026-01-12,11,739,82.0,11.0961
Treatment,2026-01-12,12,739,81.0,10.9608
Treatment,2026-01-12,13,739,74.0,10.0135
Treatment,2026-01-12,14,739,73.0,9.8782
Treatment,2026-01-12,15,739,74.0,10.0135
Treatment,2026-01-12,16,739,86.0,11.6373
Treatment,2026-01-19,0,735,735.0,100.0
Treatment,2026-01-19,1,735,74.0,10.068
Treatment,2026-01-19,2,735,76.0,10.3401
Treatment,2026-01-19,3,735,72.0,9.7959
Treatment,2026-01-19,4,735,75.0,10.2041
Treatment,2026-01-19,5,735,87.0,11.8367
Treatment,2026-01-19,6,735,86.0,11.7007
Treatment,2026-01-19,7,735,84.0,11.4286
Treatment,2026-01-19,8,735,74.0,10.068
Treatment,2026-01-19,9,735,82.0,11.1565
Treatment,2026-01-19,10,735,77.0,10.4762
Treatment,2026-01-19,11,735,74.0,10.068
Treatment,2026-01-19,12,735,78.0,10.6122
Treatment,2026-01-19,13,735,85.0,11.5646
Treatment,2026-01-19,14,735,80.0,10.8844
Treatment,2026-01-19,15,735,62.0,8.4354
Treatment,2026-01-19,16,735,74.0,10.068
Treatment,2026-01-26,0,694,694.0,100.0
Treatment,2026-01-26,1,694,75.0,10.8069
Treatment,2026-01-26,2,694,68.0,9.7983
Treatment,2026-01-26,3,694,77.0,11.0951
Treatment,2026-01-26,4,694,81.0,11.6715
Treatment,2026-01-26,5,694,65.0,9.366
Treatment,2026-01-26,6,694,60.0,8.6455
Treatment,2026-01-26,7,694,92.0,13.2565
Treatment,2026-01-26,8,694,81.0,11.6715
Treatment,2026-01-26,9,694,74.0,10.6628
Treatment,2026-01-26,10,694,73.0,10.5187
Treatment,2026-01-26,11,694,75.0,10.8069
Treatment,2026-01-26,12,694,87.0,12.536
Treatment,2026-01-26,13,694,82.0,11.8156
Treatment,2026-01-26,14,694,79.0,11.3833
Treatment,2026-01-26,15,694,70.0,10.0865
Treatment,2026-01-26,16,694,48.0,6.9164
Treatment,2026-02-02,0,702,702.0,100.0
Treatment,2026-02-02,1,702,89.0,12.6781
Treatment,2026-02-02,2,702,92.0,13.1054
Treatment,2026-02-02,3,702,85.0,12.1083
Treatment,2026-02-02,4,702,83.0,11.8234
Treatment,2026-02-02,5,702,81.0,11.5385
Treatment,2026-02-02,6,702,81.0,11.5385
Treatment,2026-02-02,7,702,87.0,12.3932
Treatment,2026-02-02,8,702,88.0,12.5356
Treatment,2026-02-02,9,702,74.0,10.5413
Treatment,2026-02-02,10,702,88.0,12.5356
Treatment,2026-02-02,11,702,95.0,13.5328
Treatment,2026-02-02,12,702,84.0,11.9658
Treatment,2026-02-02,13,702,57.0,8.1197
Treatment,2026-02-02,14,702,84.0,11.9658
Treatment,2026-02-02,15,702,80.0,11.396
Treatment,2026-02-02,16,702,92.0,13.1054
Treatment,2026-02-09,0,743,743.0,100.0
Treatment,2026-02-09,1,743,98.0,13.1898
Treatment,2026-02-09,2,743,83.0,11.1709
Treatment,2026-02-09,3,743,104.0,13.9973
Treatment,2026-02-09,4,743,99.0,13.3244
Treatment,2026-02-09,5,743,100.0,13.459
Treatment,2026-02-09,6,743,97.0,13.0552
Treatment,2026-02-09,7,743,79.0,10.6326
Treatment,2026-02-09,8,743,81.0,10.9017
Treatment,2026-02-09,9,743,88.0,11.8439
Treatment,2026-02-09,10,743,74.0,9.9596
Treatment,2026-02-09,11,743,89.0,11.9785
Treatment,2026-02-09,12,743,82.0,11.0363
Treatment,2026-02-09,13,743,84.0,11.3055
Treatment,2026-02-09,14,743,63.0,8.4791
Treatment,2026-02-09,15,743,85.0,11.4401
Treatment,2026-02-09,16,743,92.0,12.3822
Treatment,2026-02-16,0,709,709.0,100.0
Treatment,2026-02-16,1,709,90.0,12.6939
Treatment,2026-02-16,2,709,89.0,12.5529
Treatment,2026-02-16,3,709,86.0,12.1298
Treatment,2026-02-16,4,709,96.0,13.5402
Treatment,2026-02-16,5,709,90.0,12.6939
Treatment,2026-02-16,6,709,89.0,12.5529
Treatment,2026-02-16,7,709,83.0,11.7066
Treatment,2026-02-16,8,709,80.0,11.2835
Treatment,2026-02-16,9,709,93.0,13.1171
Treatment,2026-02-16,10,709,82.0,11.5656
Treatment,2026-02-16,11,709,99.0,13.9633
Treatment,2026-02-16,12,709,112.0,15.7969
Treatment,2026-02-16,13,709,72.0,10.1551
Treatment,2026-02-16,14,709,68.0,9.591
Treatment,2026-02-16,15,709,89.0,12.5529
Treatment,2026-02-16,16,709,95.0,13.3992
Treatment,2026-02-23,0,745,745.0,100.0
Treatment,2026-02-23,1,745,95.0,12.7517
Treatment,2026-02-23,2,745,104.0,13.9597
Treatment,2026-02-23,3,745,98.0,13.1544
Treatment,2026-02-23,4,745,107.0,14.3624
Treatment,2026-02-23,5,745,108.0,14.4966
Treatment,2026-02-23,6,745,108.0,14.4966
Treatment,2026-02-23,7,745,99.0,13.2886
Treatment,2026-02-23,8,745,92.0,12.349
Treatment,2026-02-23,9,745,90.0,12.0805
Treatment,2026-02-23,10,745,106.0,14.2282
Treatment,2026-02-23,11,745,98.0,13.1544
Treatment,2026-02-23,12,745,99.0,13.2886
Treatment,2026-02-23,13,745,106.0,14.2282
Treatment,2026-02-23,14,745,101.0,13.557
Treatment,2026-02-23,15,745,94.0,12.6174
Treatment,2026-02-23,16,745,97.0,13.0201
Treatment,2026-03-02,0,754,754.0,100.0
Treatment,2026-03-02,1,754,101.0,13.3952
Treatment,2026-03-02,2,754,117.0,15.5172
Treatment,2026-03-02,3,754,102.0,13.5279
Treatment,2026-03-02,4,754,96.0,12.7321
Treatment,2026-03-02,5,754,100.0,13.2626
Treatment,2026-03-02,6,754,104.0,13.7931
Treatment,2026-03-02,7,754,96.0,12.7321
Treatment,2026-03-02,8,754,97.0,12.8647
Treatment,2026-03-02,9,754,102.0,13.5279
Treatment,2026-03-02,10,754,105.0,13.9257
Treatment,2026-03-02,11,754,115.0,15.252
Treatment,2026-03-02,12,754,99.0,13.13
Treatment,2026-03-02,13,754,114.0,15.1194
Treatment,2026-03-02,14,754,78.0,10.3448
Treatment,2026-03-02,15,754,89.0,11.8037
Treatment,2026-03-02,16,754,109.0,14.4562
Treatment,2026-03-09,0,720,720.0,100.0
Treatment,2026-03-09,1,720,101.0,14.0278
Treatment,2026-03-09,2,720,94.0,13.0556
Treatment,2026-03-09,3,720,106.0,14.7222
Treatment,2026-03-09,4,720,90.0,12.5
Treatment,2026-03-09,5,720,95.0,13.1944
Treatment,2026-03-09,6,720,82.0,11.3889
Treatment,2026-03-09,7,720,99.0,13.75
Treatment,2026-03-09,8,720,95.0,13.1944
Treatment,2026-03-09,9,720,100.0,13.8889
Treatment,2026-03-09,10,720,105.0,14.5833
Treatment,2026-03-09,11,720,97.0,13.4722
Treatment,2026-03-09,12,720,87.0,12.0833
Treatment,2026-03-09,13,720,99.0,13.75
Treatment,2026-03-09,14,720,87.0,12.0833
Treatment,2026-03-09,15,720,79.0,10.9722
Treatment,2026-03-09,16,720,,
Treatment,2026-03-16,0,716,716.0,100.0
Treatment,2026-03-16,1,716,97.0,13.5475
Treatment,2026-03-16,2,716,102.0,14.2458
Treatment,2026-03-16,3,716,89.0,12.4302
Treatment,2026-03-16,4,716,91.0,12.7095
Treatment,2026-03-16,5,716,91.0,12.7095
Treatment,2026-03-16,6,716,91.0,12.7095
Treatment,2026-03-16,7,716,98.0,13.6872
Treatment,2026-03-16,8,716,109.0,15.2235
Treatment,2026-03-16,9,716,103.0,14.3855
Treatment,2026-03-16,10,716,96.0,13.4078
Treatment,2026-03-16,11,716,74.0,10.3352
Treatment,2026-03-16,12,716,94.0,13.1285
Treatment,2026-03-16,13,716,90.0,12.5698
Treatment,2026-03-16,14,716,106.0,14.8045
Treatment,2026-03-16,15,716,,
Treatment,2026-03-16,16,716,,
Treatment,2026-03-23,0,735,735.0,100.0
Treatment,2026-03-23,1,735,84.0,11.4286
Treatment,2026-03-23,2,735,72.0,9.7959
Treatment,2026-03-23,3,735,92.0,12.517
Treatment,2026-03-23,4,735,79.0,10.7483
Treatment,2026-03-23,5,735,103.0,14.0136
Treatment,2026-03-23,6,735,105.0,14.2857
Treatment,2026-03-23,7,735,118.0,16.0544
Treatment,2026-03-23,8,735,114.0,15.5102
Treatment,2026-03-23,9,735,113.0,15.3741
Treatment,2026-03-23,10,735,104.0,14.1497
Treatment,2026-03-23,11,735,101.0,13.7415
Treatment,2026-03-23,12,735,109.0,14.8299
Treatment,2026-03-23,13,735,104.0,14.1497
Treatment,2026-03-23,14,735,,
Treatment,2026-03-23,15,735,,
Treatment,2026-03-23,16,735,,
Treatment,2026-03-30,0,714,714.0,100.0
Treatment,2026-03-30,1,714,104.0,14.5658
Treatment,2026-03-30,2,714,92.0,12.8852
Treatment,2026-03-30,3,714,97.0,13.5854
Treatment,2026-03-30,4,714,91.0,12.7451
Treatment,2026-03-30,5,714,90.0,12.605
Treatment,2026-03-30,6,714,90.0,12.605
Treatment,2026-03-30,7,714,102.0,14.2857
Treatment,2026-03-30,8,714,91.0,12.7451
Treatment,2026-03-30,9,714,89.0,12.465
Treatment,2026-03-30,10,714,92.0,12.8852
Treatment,2026-03-30,11,714,96.0,13.4454
Treatment,2026-03-30,12,714,89.0,12.465
Treatment,2026-03-30,13,714,,
Treatment,2026-03-30,14,714,,
Treatment,2026-03-30,15,714,,
Treatment,2026-03-30,16,714,,
Treatment,2026-04-06,0,734,734.0,100.0
Treatment,2026-04-06,1,734,97.0,13.2153
Treatment,2026-04-06,2,734,88.0,11.9891
Treatment,2026-04-06,3,734,109.0,14.8501
Treatment,2026-04-06,4,734,93.0,12.6703
Treatment,2026-04-06,5,734,110.0,14.9864
Treatment,2026-04-06,6,734,118.0,16.0763
Treatment,2026-04-06,7,734,92.0,12.5341
Treatment,2026-04-06,8,734,101.0,13.7602
Treatment,2026-04-06,9,734,87.0,11.8529
Treatment,2026-04-06,10,734,95.0,12.9428
Treatment,2026-04-06,11,734,96.0,13.079
Treatment,2026-04-06,12,734,,
Treatment,2026-04-06,13,734,,
Treatment,2026-04-06,14,734,,
Treatment,2026-04-06,15,734,,
Treatment,2026-04-06,16,734,,
Treatment,2026-04-13,0,774,774.0,100.0
Treatment,2026-04-13,1,774,78.0,10.0775
Treatment,2026-04-13,2,774,90.0,11.6279
Treatment,2026-04-13,3,774,107.0,13.8243
Treatment,2026-04-13,4,774,106.0,13.6951
Treatment,2026-04-13,5,774,108.0,13.9535
Treatment,2026-04-13,6,774,105.0,13.5659
Treatment,2026-04-13,7,774,108.0,13.9535
Treatment,2026-04-13,8,774,104.0,13.4367
Treatment,2026-04-13,9,774,102.0,13.1783
Treatment,2026-04-13,10,774,98.0,12.6615
Treatment,2026-04-13,11,774,,
Treatment,2026-04-13,12,774,,
Treatment,2026-04-13,13,774,,
Treatment,2026-04-13,14,774,,
Treatment,2026-04-13,15,774,,
Treatment,2026-04-13,16,774,,
Treatment,2026-04-20,0,734,734.0,100.0
Treatment,2026-04-20,1,734,97.0,13.2153
Treatment,2026-04-20,2,734,109.0,14.8501
Treatment,2026-04-20,3,734,79.0,10.7629
Treatment,2026-04-20,4,734,101.0,13.7602
Treatment,2026-04-20,5,734,102.0,13.8965
Treatment,2026-04-20,6,734,93.0,12.6703
Treatment,2026-04-20,7,734,99.0,13.4877
Treatment,2026-04-20,8,734,94.0,12.8065
Treatment,2026-04-20,9,734,114.0,15.5313
Treatment,2026-04-20,10,734,,
Treatment,2026-04-20,11,734,,
Treatment,2026-04-20,12,734,,
Treatment,2026-04-20,13,734,,
Treatment,2026-04-20,14,734,,
Treatment,2026-04-20,15,734,,
Treatment,2026-04-20,16,734,,
Treatment,2026-04-27,0,725,725.0,100.0
Treatment,2026-04-27,1,725,95.0,13.1034
Treatment,2026-04-27,2,725,98.0,13.5172
Treatment,2026-04-27,3,725,95.0,13.1034
Treatment,2026-04-27,4,725,91.0,12.5517
Treatment,2026-04-27,5,725,99.0,13.6552
Treatment,2026-04-27,6,725,84.0,11.5862
Treatment,2026-04-27,7,725,81.0,11.1724
Treatment,2026-04-27,8,725,82.0,11.3103
Treatment,2026-04-27,9,725,,
Treatment,2026-04-27,10,725,,
Treatment,2026-04-27,11,725,,
Treatment,2026-04-27,12,725,,
Treatment,2026-04-27,13,725,,
Treatment,2026-04-27,14,725,,
Treatment,2026-04-27,15,725,,
Treatment,2026-04-27,16,725,,
Treatment,2026-05-04,0,727,727.0,100.0
Treatment,2026-05-04,1,727,114.0,15.6809
Treatment,2026-05-04,2,727,97.0,13.3425
Treatment,2026-05-04,3,727,105.0,14.4429
Treatment,2026-05-04,4,727,105.0,14.4429
Treatment,2026-05-04,5,727,116.0,15.956
Treatment,2026-05-04,6,727,105.0,14.4429
Treatment,2026-05-04,7,727,98.0,13.4801
Treatment,2026-05-04,8,727,,
Treatment,2026-05-04,9,727,,
Treatment,2026-05-04,10,727,,
Treatment,2026-05-04,11,727,,
Treatment,2026-05-04,12,727,,
Treatment,2026-05-04,13,727,,
Treatment,2026-05-04,14,727,,
Treatment,2026-05-04,15,727,,
Treatment,2026-05-04,16,727,,
Treatment,2026-05-11,0,700,700.0,100.0
Treatment,2026-05-11,1,700,104.0,14.8571
Treatment,2026-05-11,2,700,111.0,15.8571
Treatment,2026-05-11,3,700,93.0,13.2857
Treatment,2026-05-11,4,700,89.0,12.7143
Treatment,2026-05-11,5,700,104.0,14.8571
Treatment,2026-05-11,6,700,85.0,12.1429
Treatment,2026-05-11,7,700,,
Treatment,2026-05-11,8,700,,
Treatment,2026-05-11,9,700,,
Treatment,2026-05-11,10,700,,
Treatment,2026-05-11,11,700,,
Treatment,2026-05-11,12,700,,
Treatment,2026-05-11,13,700,,
Treatment,2026-05-11,14,700,,
Treatment,2026-05-11,15,700,,
Treatment,2026-05-11,16,700,,
Treatment,2026-05-18,0,720,720.0,100.0
Treatment,2026-05-18,1,720,85.0,11.8056
Treatment,2026-05-18,2,720,94.0,13.0556
Treatment,2026-05-18,3,720,93.0,12.9167
Treatment,2026-05-18,4,720,93.0,12.9167
Treatment,2026-05-18,5,720,109.0,15.1389
Treatment,2026-05-18,6,720,,
Treatment,2026-05-18,7,720,,
Treatment,2026-05-18,8,720,,
Treatment,2026-05-18,9,720,,
Treatment,2026-05-18,10,720,,
Treatment,2026-05-18,11,720,,
Treatment,2026-05-18,12,720,,
Treatment,2026-05-18,13,720,,
Treatment,2026-05-18,14,720,,
Treatment,2026-05-18,15,720,,
Treatment,2026-05-18,16,720,,
Treatment,2026-05-25,0,685,685.0,100.0
Treatment,2026-05-25,1,685,109.0,15.9124
Treatment,2026-05-25,2,685,90.0,13.1387
Treatment,2026-05-25,3,685,94.0,13.7226
Treatment,2026-05-25,4,685,98.0,14.3066
Treatment,2026-05-25,5,685,,
Treatment,2026-05-25,6,685,,
Treatment,2026-05-25,7,685,,
Treatment,2026-05-25,8,685,,
Treatment,2026-05-25,9,685,,
Treatment,2026-05-25,10,685,,
Treatment,2026-05-25,11,685,,
Treatment,2026-05-25,12,685,,
Treatment,2026-05-25,13,685,,
Treatment,2026-05-25,14,685,,
Treatment,2026-05-25,15,685,,
Treatment,2026-05-25,16,685,,
Treatment,2026-06-01,0,700,700.0,100.0
Treatment,2026-06-01,1,700,98.0,14.0
Treatment,2026-06-01,2,700,88.0,12.5714
Treatment,2026-06-01,3,700,97.0,13.8571
Treatment,2026-06-01,4,700,,
Treatment,2026-06-01,5,700,,
Treatment,2026-06-01,6,700,,
Treatment,2026-06-01,7,700,,
Treatment,2026-06-01,8,700,,
Treatment,2026-06-01,9,700,,
Treatment,2026-06-01,10,700,,
Treatment,2026-06-01,11,700,,
Treatment,2026-06-01,12,700,,
Treatment,2026-06-01,13,700,,
Treatment,2026-06-01,14,700,,
Treatment,2026-06-01,15,700,,
Treatment,2026-06-01,16,700,,
Treatment,2026-06-08,0,723,723.0,100.0
Treatment,2026-06-08,1,723,104.0,14.3845
Treatment,2026-06-08,2,723,100.0,13.8313
Treatment,2026-06-08,3,723,,
Treatment,2026-06-08,4,723,,
Treatment,2026-06-08,5,723,,
Treatment,2026-06-08,6,723,,
Treatment,2026-06-08,7,723,,
Treatment,2026-06-08,8,723,,
Treatment,2026-06-08,9,723,,
Treatment,2026-06-08,10,723,,
Treatment,2026-06-08,11,723,,
Treatment,2026-06-08,12,723,,
Treatment,2026-06-08,13,723,,
Treatment,2026-06-08,14,723,,
Treatment,2026-06-08,15,723,,
Treatment,2026-06-08,16,723,,
Treatment,2026-06-15,0,731,731.0,100.0
Treatment,2026-06-15,1,731,96.0,13.1327
Treatment,2026-06-15,2,731,,
Treatment,2026-06-15,3,731,,
Treatment,2026-06-15,4,731,,
Treatment,2026-06-15,5,731,,
Treatment,2026-06-15,6,731,,
Treatment,2026-06-15,7,731,,
Treatment,2026-06-15,8,731,,
Treatment,2026-06-15,9,731,,
Treatment,2026-06-15,10,731,,
Treatment,2026-06-15,11,731,,
Treatment,2026-06-15,12,731,,
Treatment,2026-06-15,13,731,,
Treatment,2026-06-15,14,731,,
Treatment,2026-06-15,15,731,,
Treatment,2026-06-15,16,731,,
Treatment,2026-06-22,0,690,690.0,100.0
Treatment,2026-06-22,1,690,,
Treatment,2026-06-22,2,690,,
Treatment,2026-06-22,3,690,,
Treatment,2026-06-22,4,690,,
Treatment,2026-06-22,5,690,,
Treatment,2026-06-22,6,690,,
Treatment,2026-06-22,7,690,,
Treatment,2026-06-22,8,690,,
Treatment,2026-06-22,9,690,,
Treatment,2026-06-22,10,690,,
Treatment,2026-06-22,11,690,,
Treatment,2026-06-22,12,690,,
Treatment,2026-06-22,13,690,,
Treatment,2026-06-22,14,690,,
Treatment,2026-06-22,15,690,,
Treatment,2026-06-22,16,690,,
Treatment,2026-06-29,0,208,,
Treatment,2026-06-29,1,208,,
Treatment,2026-06-29,2,208,,
Treatment,2026-06-29,3,208,,
Treatment,2026-06-29,4,208,,
Treatment,2026-06-29,5,208,,
Treatment,2026-06-29,6,208,,
Treatment,2026-06-29,7,208,,
Treatment,2026-06-29,8,208,,
Treatment,2026-06-29,9,208,,
Treatment,2026-06-29,10,208,,
Treatment,2026-06-29,11,208,,
Treatment,2026-06-29,12,208,,
Treatment,2026-06-29,13,208,,
Treatment,2026-06-29,14,208,,
Treatment,2026-06-29,15,208,,
Treatment,2026-06-29,16,208,,
